$WAX9,35:24.8,1,2117.805481,-0.121094,0.969727,-0.145508,-12.11,7.84,7.91,-140.100006,39.299999,-132,4.154,33.7,101186
$WAX9,35:25.0,2,2117.905487,-0.123047,0.981445,-0.137695,-14.21,6.02,8.96,-140.100006,38.799999,-128.5,,,
$WAX9,35:25.0,3,2118.005493,-0.113281,0.976563,-0.143555,2.52,-0.91,3.29,-139,38.600002,-128.800003,,,
$WAX9,35:25.1,4,2118.105499,-0.131836,0.978516,-0.140625,-1.47,9.8,-1.82,-139.600006,38.900002,-131.100006,,,
$WAX9,35:25.3,5,2118.205505,-0.143555,0.990234,-0.140625,-3.43,4.34,-4.06,-139.5,38.900002,-129.800003,,,
$WAX9,35:25.3,6,2118.305481,-0.134766,0.985352,-0.133789,-1.26,0.28,-3.43,-140.100006,38.600002,-130.5,,,
$WAX9,35:25.4,7,2118.405487,-0.143555,0.976563,-0.136719,2.24,1.19,-1.33,-139.800003,38.900002,-129.600006,,,
$WAX9,35:25.5,8,2118.505493,-0.138672,0.982422,-0.129883,1.89,-0.07,0,-140.400009,38.100002,-130.699997,4.142,33.8,101182
$WAX9,35:25.6,9,2118.605499,-0.125977,0.988281,-0.124023,-0.21,1.4,-1.33,-140.199997,38.600002,-131.199997,,,
$WAX9,35:25.7,10,2118.705505,-0.12793,0.981445,-0.136719,0.14,-1.12,-1.05,-140,38.299999,-130.400009,,,
$WAX9,35:25.9,11,2118.805481,-0.129883,0.993164,-0.155273,6.93,-5.25,0.14,-140.199997,38.600002,-131.199997,,,
$WAX9,35:25.9,12,2118.905487,-0.12207,0.981445,-0.137695,2.31,-1.96,-0.42,-140.600006,39,-130.600006,,,
$WAX9,35:26.0,13,2119.005493,-0.128906,0.980469,-0.141602,-0.7,0.56,-0.49,-140.600006,39.200001,-129.100006,,,
$WAX9,35:26.1,14,2119.105499,-0.121094,0.977539,-0.144531,-2.66,0.91,-0.91,-140.699997,39.400002,-129,,,
$WAX9,35:26.2,15,2119.205505,-0.123047,0.990234,-0.137695,0.07,-0.21,-1.47,-140.699997,38.900002,-129.100006,,,
$WAX9,35:26.3,16,2119.305481,-0.137695,0.990234,-0.137695,-0.21,-0.91,-0.42,-140.100006,38.100002,-130.199997,,,
$WAX9,35:26.4,17,2119.405487,-0.138672,0.982422,-0.128906,-0.35,-2.1,0.14,-140.199997,38.700001,-130.600006,,,
$WAX9,35:26.5,18,2119.505493,-0.125977,0.986328,-0.132813,-0.14,-1.12,-0.91,-141,38.600002,-130.699997,,,
$WAX9,35:26.6,19,2119.605499,-0.129883,0.984375,-0.129883,-1.47,-0.42,-0.49,-140.300003,39.100002,-129.900009,,,
$WAX9,35:26.7,20,2119.705505,-0.110352,0.984375,-0.135742,-0.91,0.7,-1.75,-140.699997,39.5,-127.700005,4.13,33.8,101181
$WAX9,35:26.8,21,2119.805481,-0.12207,0.991211,-0.133789,0.98,-0.77,-0.49,-140.600006,38.700001,-130.100006,,,
$WAX9,35:26.9,22,2119.905487,-0.130859,0.981445,-0.137695,0.28,-1.89,-0.56,-140.300003,38.600002,-128.199997,,,
$WAX9,35:27.0,23,2120.005493,-0.130859,0.982422,-0.130859,0.42,0.63,-0.21,-140.800003,38.700001,-129.600006,,,
$WAX9,35:27.1,24,2120.105499,-0.124023,0.979492,-0.137695,1.89,-0.77,-1.12,-140.800003,38.299999,-131.699997,,,
$WAX9,35:27.2,25,2120.205505,-0.125,0.982422,-0.140625,-1.82,17.360001,-1.33,-140.5,38.5,-127.700005,,,
$WAX9,35:27.3,26,2120.305481,-0.123047,0.985352,-0.136719,-0.35,-2.03,-0.84,-140.400009,39.299999,-130,,,
$WAX9,35:27.4,27,2120.405487,-0.118164,0.984375,-0.143555,-0.63,0.77,-0.91,-141.199997,39.400002,-127.599998,,,
$WAX9,35:27.5,28,2120.505493,-0.125,0.987305,-0.142578,-0.35,0,-0.21,-141,39.400002,-131.600006,,,
$WAX9,35:27.6,29,2120.605499,-0.130859,0.981445,-0.134766,-1.54,1.68,-1.19,-140.600006,39,-129.400009,,,
$WAX9,35:27.7,30,2120.705505,-0.124023,0.990234,-0.126953,-1.12,1.12,-1.12,-140.5,39,-129.300003,,,
$WAX9,35:27.8,31,2120.805481,-0.118164,0.981445,-0.135742,-1.33,1.19,-1.19,-140.800003,39,-132.100006,,,
$WAX9,35:27.9,32,2120.905487,-0.119141,0.983398,-0.137695,-2.17,-0.42,-1.19,-141,39,-128.699997,4.119,33.8,101180
$WAX9,35:28.1,33,2121.005493,-0.129883,0.985352,-0.133789,-1.89,-0.7,-1.4,-140.199997,39.299999,-132,,,
$WAX9,35:28.2,34,2121.105499,-0.126953,0.984375,-0.129883,-0.7,1.26,-1.96,-140.900009,39.200001,-130.400009,,,
$WAX9,35:28.4,35,2121.205505,-0.130859,0.986328,-0.125977,-0.42,1.19,-0.98,-140.5,38.299999,-130.699997,,,
$WAX9,35:28.4,36,2121.305481,-0.129883,0.986328,-0.121094,-0.42,-0.07,-1.33,-140.900009,38.400002,-129.100006,,,
$WAX9,35:28.5,37,2121.405487,-0.125977,0.982422,-0.126953,-0.42,0,-0.98,-141.199997,38.600002,-128.600006,,,
$WAX9,35:28.6,38,2121.505493,-0.129883,0.984375,-0.125977,-0.07,-0.77,-0.98,-140.699997,38.600002,-130.900009,,,
$WAX9,35:28.7,39,2121.605499,-0.126953,0.980469,-0.124023,0.14,-0.28,-1.05,-140.199997,39,-130.5,,,
$WAX9,35:28.8,40,2121.705505,-0.131836,0.981445,-0.125,0,-2.66,-0.63,-140.400009,38.900002,-131.199997,,,
$WAX9,35:28.9,41,2121.805481,-0.134766,0.985352,-0.121094,0,0.49,-1.4,-139.900009,38.799999,-132.199997,,,
$WAX9,35:28.9,42,2121.905487,-0.125977,0.984375,-0.125977,-0.35,0.7,-0.98,-140.300003,39,-128.300003,,,
$WAX9,35:29.1,43,2122.005493,-0.132813,0.983398,-0.125977,-0.84,-0.84,-0.77,-140.100006,38.900002,-131.600006,,,
$WAX9,35:29.2,44,2122.105499,-0.12793,0.980469,-0.125,-0.56,-1.75,-0.77,-140.300003,38.700001,-133.5,4.119,33.8,101185
$WAX9,35:29.2,45,2122.205505,-0.128906,0.983398,-0.12207,-1.12,-1.75,-0.56,-140.5,38.5,-132.100006,,,
$WAX9,35:29.3,46,2122.305481,-0.128906,0.981445,-0.125977,-0.28,-0.49,-0.35,-140.900009,38.400002,-132.300003,,,
$WAX9,35:29.4,47,2122.405487,-0.125,0.984375,-0.119141,0.21,-0.63,0.35,-141.199997,38.799999,-132,,,
$WAX9,35:29.5,48,2122.505493,-0.12793,0.982422,-0.120117,0.63,-3.08,2.66,-140.300003,39,-131.300003,,,
$WAX9,35:29.6,49,2122.605499,-0.130859,0.985352,-0.124023,-0.77,-0.14,-1.61,-140.800003,38.600002,-130.400009,,,
$WAX9,35:29.7,50,2122.705505,-0.123047,0.988281,-0.125977,-1.54,1.54,-1.47,-140.400009,38.799999,-131.699997,,,
$WAX9,35:29.9,51,2122.805481,-0.110352,0.982422,-0.128906,-0.63,-2.66,-0.91,-140.699997,38.900002,-131.400009,,,
$WAX9,35:30.0,52,2122.905487,-0.126953,0.990234,-0.118164,-0.63,-0.91,-0.28,-140.800003,38.700001,-131.699997,,,
$WAX9,35:30.1,53,2123.005493,-0.119141,0.984375,-0.123047,-0.77,0.84,-1.61,-141.600006,39.100002,-128.300003,,,
$WAX9,35:30.2,54,2123.105499,-0.120117,0.985352,-0.124023,-0.56,-1.89,-1.05,-141,38.400002,-128.699997,,,
$WAX9,35:30.3,55,2123.205505,-0.125,0.985352,-0.125977,-1.12,-0.7,-0.7,-141.199997,38.600002,-129,,,
$WAX9,35:30.3,56,2123.305481,-0.123047,0.981445,-0.126953,-0.56,-0.35,-0.98,-140.900009,38.400002,-126.700005,4.119,33.9,101189
$WAX9,35:30.5,57,2123.405487,-0.123047,0.979492,-0.123047,-0.91,-1.19,-1.26,-140.300003,38.900002,-129.800003,,,
$WAX9,35:30.5,58,2123.505493,-0.124023,0.985352,-0.126953,-0.42,-1.05,-1.4,-140.699997,38.799999,-131.800003,,,
$WAX9,35:30.6,59,2123.605499,-0.12207,0.982422,-0.12793,-0.7,-0.21,-1.19,-140.900009,38.5,-131.100006,,,
$WAX9,35:30.7,60,2123.705505,-0.120117,0.981445,-0.12207,-0.7,0.35,-1.33,-140.800003,38.400002,-131.300003,,,
$WAX9,35:30.8,61,2123.805481,-0.120117,0.982422,-0.125,-0.91,-0.07,-1.19,-140.300003,38.400002,-128.900009,,,
$WAX9,35:30.9,62,2123.905487,-0.125977,0.984375,-0.121094,-1.12,-1.54,-0.98,-140.699997,38.900002,-130.600006,,,
$WAX9,35:31.0,63,2124.005493,-0.124023,0.983398,-0.12793,-0.63,-0.63,-0.63,-140.600006,38.299999,-130.600006,,,
$WAX9,35:31.1,64,2124.105499,-0.130859,0.987305,-0.120117,-1.19,-0.91,-0.84,-140.800003,37.799999,-130.900009,,,
$WAX9,35:31.2,65,2124.205505,-0.12793,0.982422,-0.118164,-0.84,0.63,-1.05,-140.900009,38.400002,-132.400009,,,
$WAX9,35:31.4,66,2124.305481,-0.124023,0.985352,-0.115234,-0.77,-0.14,-0.63,-140.800003,38.400002,-131.300003,,,
$WAX9,35:31.4,67,2124.405487,-0.130859,0.987305,-0.118164,-1.33,-1.05,-0.56,-140.900009,38.700001,-132,,,
$WAX9,35:31.5,68,2124.505493,-0.126953,0.982422,-0.121094,-1.26,-0.49,-0.28,-140,38.200001,-131.300003,4.107,33.9,101183
$WAX9,35:31.6,69,2124.605499,-0.12793,0.985352,-0.118164,-0.28,0.28,-0.77,-140.600006,38.100002,-128.800003,,,
$WAX9,35:31.7,70,2124.705505,-0.125,0.984375,-0.115234,-0.35,-1.54,-0.42,-140.5,38.900002,-130.199997,,,
$WAX9,35:31.8,71,2124.805481,-0.12793,0.986328,-0.117188,-0.91,-1.89,-0.77,-140.800003,38.400002,-131.100006,,,
$WAX9,35:31.9,72,2124.905487,-0.121094,0.985352,-0.120117,0,0.35,-0.98,-140.300003,38.400002,-130.400009,,,
$WAX9,35:32.0,73,2125.005493,-0.123047,0.990234,-0.124023,-0.91,-1.82,-1.12,-140.5,38.5,-129.300003,,,
$WAX9,35:32.1,74,2125.105499,-0.124023,0.989258,-0.125,-0.77,-0.42,-0.7,-140.900009,38.5,-131,,,
$WAX9,35:32.2,75,2125.205505,-0.129883,0.982422,-0.116211,-0.77,-1.26,-0.56,-140.800003,38.600002,-130.199997,,,
$WAX9,35:32.4,76,2125.305481,-0.129883,0.983398,-0.116211,-0.14,0.07,-0.77,-140.5,38.900002,-131.5,,,
$WAX9,35:32.4,77,2125.405487,-0.121094,0.990234,-0.12207,-0.14,1.4,-1.19,-141.100006,38.600002,-130,,,
$WAX9,35:32.5,78,2125.505493,-0.12207,0.992188,-0.120117,0.77,-0.28,-0.56,-140.300003,39,-130.300003,,,
$WAX9,35:32.6,79,2125.605499,-0.12207,0.982422,-0.12207,3.15,1.54,-0.35,-140.5,38.900002,-130.900009,,,
$WAX9,35:32.8,80,2125.705505,-0.118164,0.988281,-0.128906,-0.21,-1.05,-0.42,-140.699997,38.700001,-131.400009,4.107,33.9,101185
$WAX9,35:32.9,81,2125.805481,-0.12207,0.982422,-0.12793,-1.75,0.42,-0.14,-140.400009,39.200001,-130.900009,,,
$WAX9,35:33.0,82,2125.905487,-0.125977,0.989258,-0.12793,-2.66,-1.61,-1.82,-141.300003,38.700001,-130.600006,,,
$WAX9,35:33.0,83,2126.005493,-0.123047,0.980469,-0.124023,1.75,-3.15,-1.05,-140.199997,39.200001,-128.800003,,,
$WAX9,35:33.1,84,2126.105499,-0.124023,0.987305,-0.130859,-1.75,1.4,-0.84,-140,39.5,-129.800003,,,
$WAX9,35:33.2,85,2126.205505,-0.117188,0.985352,-0.137695,-2.45,2.59,-2.24,-140.699997,39.200001,-129,,,
$WAX9,35:33.3,86,2126.305481,-0.12207,0.990234,-0.12793,-0.49,0.42,-1.54,-140.900009,39.100002,-130.5,,,
$WAX9,35:33.4,87,2126.405487,-0.124023,0.983398,-0.128906,-0.98,0.91,-0.77,-141,39,-129.100006,,,
$WAX9,35:33.5,88,2126.505493,-0.125,0.983398,-0.126953,-1.4,0.49,-0.98,-140.699997,39.200001,-129.600006,,,
$WAX9,35:33.6,89,2126.605499,-0.120117,0.983398,-0.12793,-1.4,0.28,-1.61,-141,39,-131.699997,,,
$WAX9,35:33.7,90,2126.705505,-0.133789,0.981445,-0.121094,-0.91,0.21,-2.1,-140.300003,38.700001,-130.600006,,,
$WAX9,35:33.8,91,2126.805481,-0.124023,0.984375,-0.117188,-1.47,2.1,-2.31,-140.199997,38.900002,-130.600006,,,
$WAX9,35:33.9,92,2126.905487,-0.125977,0.986328,-0.117188,-1.26,0.21,-1.4,-141.199997,39,-130.199997,4.107,33.9,101184
$WAX9,35:34.0,93,2127.005493,-0.119141,0.985352,-0.125,-0.63,-0.98,-1.19,-140.5,39,-128.5,,,
$WAX9,35:34.1,94,2127.105499,-0.123047,0.981445,-0.12207,-0.42,-0.35,-0.98,-140.600006,39,-131,,,
$WAX9,35:34.2,95,2127.205505,-0.125977,0.983398,-0.123047,-0.49,-0.7,-0.28,-140.300003,38.700001,-128,,,
$WAX9,35:34.3,96,2127.305481,-0.12793,0.983398,-0.125,-0.7,-0.91,-1.12,-140.300003,38.700001,-129.699997,,,
$WAX9,35:34.4,97,2127.405487,-0.133789,0.981445,-0.12207,-0.42,-1.05,-0.84,-140.600006,38.799999,-128.900009,,,
$WAX9,35:34.5,98,2127.505493,-0.131836,0.986328,-0.12207,-0.84,-0.21,-0.35,-140.699997,38.700001,-131.300003,,,
$WAX9,35:34.7,99,2127.605499,-0.128906,0.984375,-0.117188,0.35,-0.77,-0.07,-141,39,-129.5,,,
$WAX9,35:34.8,100,2127.705505,-0.144531,0.982422,-0.126953,-0.42,0.7,-0.56,-140.900009,38.799999,-128.600006,,,
$WAX9,35:34.8,101,2127.805481,-0.113281,0.983398,-0.124023,-1.19,0.28,-1.26,-141.300003,38.600002,-132.199997,,,
$WAX9,35:34.9,102,2127.905487,-0.12207,0.982422,-0.119141,-0.56,-5.25,0.42,-140.5,38.600002,-127.400002,,,
$WAX9,35:35.0,103,2128.005493,-0.126953,0.982422,-0.118164,-0.98,-2.03,-0.14,-140.800003,39.299999,-130.400009,,,
$WAX9,35:35.1,104,2128.105499,-0.121094,0.982422,-0.125977,-0.42,-0.07,-0.63,-140.400009,39,-129.900009,4.107,34,101184
$WAX9,35:35.2,105,2128.205505,-0.124023,0.987305,-0.120117,-0.98,-0.56,0,-140.400009,39.299999,-128.5,,,
$WAX9,35:35.3,106,2128.305481,-0.125,0.984375,-0.117188,-0.7,1.33,-0.49,-140.600006,38.700001,-127.800003,,,
$WAX9,35:35.4,107,2128.405487,-0.119141,0.985352,-0.125,-0.49,0.21,-1.33,-140.600006,38.799999,-128,,,
$WAX9,35:35.5,108,2128.505493,-0.12793,0.983398,-0.128906,-1.05,0.49,-0.84,-140.699997,39.100002,-130.199997,,,
$WAX9,35:35.6,109,2128.605499,-0.117188,0.988281,-0.12207,-0.21,-3.08,-0.07,-141.199997,39,-130,,,
$WAX9,35:35.7,110,2128.705505,-0.12793,0.992188,-0.115234,-0.49,-2.94,0.28,-141.300003,39.100002,-131.800003,,,
$WAX9,35:35.8,111,2128.805481,-0.124023,0.983398,-0.115234,0.14,1.26,-1.05,-140.800003,38.900002,-131.100006,,,
$WAX9,35:35.9,112,2128.905487,-0.128906,0.984375,-0.119141,-0.35,1.75,-0.77,-140.900009,39.299999,-131,,,
$WAX9,35:36.0,113,2129.005493,-0.117188,0.988281,-0.134766,-0.35,-0.07,-0.14,-141.199997,39.400002,-130.300003,,,
$WAX9,35:36.1,114,2129.105499,-0.129883,0.984375,-0.123047,0.14,-2.45,-0.91,-141.199997,38.600002,-130,,,
$WAX9,35:36.2,115,2129.205505,-0.117188,0.985352,-0.124023,-0.98,-0.35,0,-141.199997,38.799999,-131.199997,,,
$WAX9,35:36.3,116,2129.305481,-0.125977,0.988281,-0.12207,-0.42,0.14,-0.28,-141.300003,38.900002,-130.100006,4.107,34,101184
$WAX9,35:36.4,117,2129.405487,-0.128906,0.986328,-0.129883,-0.35,-0.7,-0.77,-141.600006,38.5,-131.800003,,,
$WAX9,35:36.5,118,2129.505493,-0.125,0.986328,-0.118164,-0.21,0.07,-0.14,-140.900009,38.5,-131.199997,,,
$WAX9,35:36.6,119,2129.605499,-0.121094,0.985352,-0.119141,0.14,3.22,-0.7,-141,38.200001,-132,,,
$WAX9,35:36.7,120,2129.705505,-0.102539,0.985352,-0.12793,-0.91,-0.28,-1.47,-141.5,39.100002,-130.100006,,,
$WAX9,35:36.8,121,2129.805481,-0.115234,0.982422,-0.130859,-1.33,-2.45,0,-141.100006,39,-130.199997,,,
$WAX9,35:36.9,122,2129.905487,-0.116211,0.982422,-0.132813,-1.33,-1.33,-0.56,-141.600006,38.900002,-131.900009,,,
$WAX9,35:37.0,123,2130.005493,-0.111328,0.990234,-0.120117,-0.28,-2.31,-0.28,-141.699997,38.799999,-131.100006,,,
$WAX9,35:37.1,124,2130.105499,-0.113281,0.986328,-0.132813,-0.98,-2.17,0.42,-141.600006,38.299999,-128.199997,,,
$WAX9,35:37.2,125,2130.205505,-0.123047,0.987305,-0.12207,-0.7,-2.24,0.14,-141.699997,39.100002,-130.300003,,,
$WAX9,35:37.3,126,2130.305481,-0.12207,0.987305,-0.128906,-0.42,2.38,-0.98,-141.5,38.900002,-129.900009,,,
$WAX9,35:37.4,127,2130.405487,-0.120117,0.993164,-0.145508,4.9,-1.26,-0.7,-141.199997,39.299999,-131.900009,,,
$WAX9,35:37.5,128,2130.505493,-0.100586,0.984375,-0.126953,0.7,-2.17,-0.35,-141.699997,38.700001,-127.599998,4.095,34,101179
$WAX9,35:37.6,129,2130.605499,-0.106445,0.981445,-0.133789,-5.25,2.73,-1.75,-141.5,39.400002,-129.600006,,,
$WAX9,35:37.7,130,2130.705505,-0.113281,0.987305,-0.132813,-2.87,1.68,-0.77,-141.600006,39.5,-131.699997,,,
$WAX9,35:37.8,131,2130.805481,-0.112305,0.982422,-0.12793,-0.7,-1.26,0,-141.300003,39.299999,-130.800003,,,
$WAX9,35:37.9,132,2130.905487,-0.120117,0.982422,-0.12207,-0.14,-2.66,-0.91,-141.199997,38.799999,-130.199997,,,
$WAX9,35:38.0,133,2131.005493,-0.119141,0.988281,-0.12207,0.84,-1.89,-1.26,-141.400009,39.200001,-130.400009,,,
$WAX9,35:38.1,134,2131.105499,-0.113281,0.989258,-0.12207,-0.35,-0.63,-0.77,-141.300003,39.299999,-129.699997,,,
$WAX9,35:38.2,135,2131.205505,-0.117188,0.988281,-0.124023,-1.12,-0.7,-1.54,-141.199997,38.900002,-130.900009,,,
$WAX9,35:38.3,136,2131.305481,-0.116211,0.989258,-0.125977,-0.91,0.21,-0.98,-141.400009,39.200001,-128.5,,,
$WAX9,35:38.4,137,2131.405487,-0.116211,0.984375,-0.125,-2.45,0.21,-1.12,-141.400009,39,-128.5,,,
$WAX9,35:38.5,138,2131.505493,-0.113281,0.988281,-0.125,-2.03,0.84,-0.7,-141.400009,39.299999,-129.199997,,,
$WAX9,35:38.6,139,2131.605499,-0.118164,0.983398,-0.125977,0.56,-1.12,-1.19,-141.199997,39.299999,-131,,,
$WAX9,35:38.7,140,2131.705505,-0.109375,0.982422,-0.131836,0.7,-1.33,-0.14,-140.600006,38.700001,-131.199997,4.107,34,101187
$WAX9,35:38.9,141,2131.805481,-0.114258,0.985352,-0.125977,0.56,-0.63,-0.98,-141.199997,39.100002,-131.400009,,,
$WAX9,35:38.9,142,2131.905487,-0.109375,0.988281,-0.125,-0.63,1.47,-1.19,-141.199997,39.600002,-127.400002,,,
$WAX9,35:39.0,143,2132.005493,-0.114258,0.988281,-0.128906,-2.31,-0.21,-0.91,-141.600006,38.900002,-126.5,,,
$WAX9,35:39.1,144,2132.105499,-0.118164,0.984375,-0.128906,-2.73,0.07,-0.63,-141.699997,39,-132,,,
$WAX9,35:39.3,145,2132.205505,-0.115234,0.987305,-0.123047,-0.35,0.49,-0.91,-141.800003,39.200001,-129.199997,,,
$WAX9,35:39.3,146,2132.305481,-0.117188,0.982422,-0.123047,-0.07,-1.05,-0.84,-142,38.900002,-129.400009,,,
$WAX9,35:39.4,147,2132.405487,-0.112305,0.985352,-0.124023,1.54,-1.54,-0.21,-141.699997,38.5,-131.300003,,,
$WAX9,35:39.5,148,2132.505493,-0.111328,0.988281,-0.126953,-1.12,-1.12,-0.84,-141.199997,38.799999,-131.900009,,,
$WAX9,35:39.6,149,2132.605499,-0.114258,0.989258,-0.125977,-1.12,-2.8,-0.56,-141.199997,39.299999,-130.5,,,
$WAX9,35:39.7,150,2132.705505,-0.114258,0.987305,-0.125,-1.05,-2.03,-0.7,-141,39.100002,-129.600006,,,
$WAX9,35:39.8,151,2132.805481,-0.105469,0.982422,-0.125977,-0.84,-0.91,-1.33,-141.300003,39,-129.400009,,,
$WAX9,35:39.9,152,2132.905487,-0.114258,0.984375,-0.123047,-0.56,-0.98,-0.49,-140.800003,38.900002,-130.699997,4.095,34,101185
$WAX9,35:40.0,153,2133.005493,-0.109375,0.988281,-0.123047,-0.42,-0.56,-0.91,-141.600006,38.900002,-128.900009,,,
$WAX9,35:40.1,154,2133.105499,-0.112305,0.984375,-0.125,-1.12,0.07,-1.26,-141.699997,38.5,-130.600006,,,
$WAX9,35:40.2,155,2133.205505,-0.114258,0.984375,-0.124023,-0.77,0.49,-1.33,-141.600006,38.5,-131.400009,,,
$WAX9,35:40.3,156,2133.305481,-0.116211,0.988281,-0.121094,-0.56,-0.84,-1.19,-141.300003,38.799999,-132.400009,,,
$WAX9,35:40.4,157,2133.405487,-0.113281,0.985352,-0.12207,-0.56,-1.61,-1.61,-141.199997,38.799999,-128.199997,,,
$WAX9,35:40.5,158,2133.505493,-0.116211,0.996094,-0.121094,-1.26,-0.98,-1.33,-141.199997,38.600002,-131.699997,,,
$WAX9,35:40.7,159,2133.605499,-0.114258,0.985352,-0.121094,-0.91,-0.21,-1.12,-141.300003,38.900002,-130.600006,,,
$WAX9,35:40.7,160,2133.705505,-0.116211,0.987305,-0.12793,-1.12,-0.77,-1.12,-141.5,38.600002,-130.900009,,,
$WAX9,35:40.8,161,2133.805481,-0.119141,0.990234,-0.118164,-1.75,0.42,-1.54,-141.199997,38.600002,-130.800003,,,
$WAX9,35:40.9,162,2133.905487,-0.116211,0.986328,-0.119141,-0.21,0.14,-0.84,-140.600006,39,-128,,,
$WAX9,35:41.0,163,2134.005493,-0.116211,0.988281,-0.117188,-0.7,-1.33,-0.21,-140.400009,38.900002,-131,,,
$WAX9,35:41.1,164,2134.105499,-0.120117,0.987305,-0.120117,-0.98,-0.14,-0.84,-141,38.5,-130.800003,4.095,34.1,101184
$WAX9,35:41.2,165,2134.205505,-0.125,0.987305,-0.121094,-0.42,0.35,-0.35,-141.300003,38.900002,-130.300003,,,
$WAX9,35:41.3,166,2134.305481,-0.117188,0.986328,-0.118164,-0.42,-1.75,-0.98,-141.100006,38.799999,-132.199997,,,
$WAX9,35:41.4,167,2134.405487,-0.117188,0.988281,-0.117188,-0.49,0.21,-0.7,-141,38.700001,-131.800003,,,
$WAX9,35:41.5,168,2134.505493,-0.109375,0.982422,-0.121094,-0.91,0.84,-1.89,-141.300003,39.100002,-131.800003,,,
$WAX9,35:41.6,169,2134.605499,-0.117188,0.989258,-0.121094,0.07,-0.42,-0.84,-141.100006,39.100002,-131.400009,,,
$WAX9,35:41.7,170,2134.705505,-0.115234,0.990234,-0.118164,-1.61,-0.14,-0.84,-141.100006,38.799999,-131.100006,,,
$WAX9,35:41.8,171,2134.805481,-0.117188,0.988281,-0.118164,-0.77,-2.03,-0.21,-141,38.600002,-131.800003,,,
$WAX9,35:41.9,172,2134.905487,-0.118164,0.986328,-0.114258,0.7,-0.14,-0.07,-141.100006,38.900002,-132,,,
$WAX9,35:42.0,173,2135.005493,-0.105469,0.986328,-0.121094,-0.7,1.26,-1.26,-141.300003,39,-130.699997,,,
$WAX9,35:42.1,174,2135.105499,-0.120117,0.990234,-0.124023,-0.7,-0.42,-0.56,-140.900009,39.200001,-131.900009,,,
$WAX9,35:42.2,175,2135.205505,-0.119141,0.989258,-0.121094,-0.7,-0.91,-0.63,-141.199997,39.100002,-131.199997,,,
$WAX9,35:42.3,176,2135.305481,-0.111328,0.987305,-0.118164,0.14,0.14,-0.56,-140.800003,39,-129.199997,4.095,34.1,101193
$WAX9,35:42.4,177,2135.405487,-0.109375,0.988281,-0.120117,-0.07,-1.75,-0.77,-141.300003,39.100002,-130.5,,,
$WAX9,35:42.5,178,2135.505493,-0.112305,0.992188,-0.128906,0.14,-2.52,-0.91,-141.800003,39,-128.400009,,,
$WAX9,35:42.6,179,2135.605499,-0.112305,0.990234,-0.121094,-0.21,-1.05,-1.19,-141.400009,39,-130.5,,,
$WAX9,35:42.7,180,2135.705505,-0.112305,0.986328,-0.12793,-1.05,-0.7,-1.12,-141.100006,38.799999,-129.400009,,,
$WAX9,35:42.9,181,2135.805481,-0.116211,0.987305,-0.128906,0.28,-0.7,-1.4,-141.400009,39.299999,-133.300003,,,
$WAX9,35:42.9,182,2135.905487,-0.115234,0.987305,-0.12793,0.35,1.12,-1.4,-141.100006,39.200001,-130,,,
$WAX9,35:43.0,183,2136.005493,-0.114258,0.983398,-0.125,0.98,-3.29,-2.03,-141.300003,39.100002,-129.5,,,
$WAX9,35:43.1,184,2136.105499,-0.121094,0.985352,-0.121094,-0.7,-2.17,-0.91,-140.300003,39.200001,-129.300003,,,
$WAX9,35:43.2,185,2136.205505,-0.114258,0.987305,-0.126953,-1.12,1.19,-2.1,-141.100006,39.100002,-131.300003,,,
$WAX9,35:43.3,186,2136.305481,-0.12207,0.981445,-0.132813,-2.87,0.84,-1.54,-140.400009,39,-131.5,,,
$WAX9,35:43.4,187,2136.405487,-0.126953,0.985352,-0.128906,-4.2,0.42,-1.82,-140.699997,39.700001,-131.300003,,,
$WAX9,35:43.6,188,2136.505493,-0.125977,0.982422,-0.125,-1.61,1.61,-0.84,-141,39.5,-132.100006,4.095,34.1,101179
$WAX9,35:43.6,189,2136.605499,-0.123047,0.986328,-0.116211,-0.49,1.4,-1.47,-141.5,38.799999,-131.900009,,,
$WAX9,35:43.7,190,2136.705505,-0.121094,0.984375,-0.121094,-0.91,1.68,-1.68,-141,39.200001,-130.800003,,,
$WAX9,35:43.8,191,2136.805481,-0.128906,0.990234,-0.117188,-0.07,0,-0.98,-141,39,-129.699997,,,
$WAX9,35:43.9,192,2136.905487,-0.121094,0.985352,-0.112305,-1.54,-0.63,-1.12,-141,39,-131.900009,,,
$WAX9,35:44.0,193,2137.005493,-0.124023,0.988281,-0.121094,-1.47,-0.49,-1.61,-140.800003,38.600002,-131,,,
$WAX9,35:44.1,194,2137.105499,-0.126953,0.982422,-0.123047,-1.26,-1.05,-0.84,-140.400009,39.299999,-131.600006,,,
$WAX9,35:44.2,195,2137.205505,-0.130859,0.984375,-0.118164,0.07,-0.77,-0.77,-140.600006,38.700001,-132.100006,,,
$WAX9,35:44.3,196,2137.305481,-0.132813,0.986328,-0.117188,-0.63,-0.49,-1.12,-140.300003,39.299999,-130.800003,,,
$WAX9,35:44.4,197,2137.405487,-0.131836,0.984375,-0.112305,-0.7,-0.14,-0.84,-140.300003,38.700001,-128.900009,,,
$WAX9,35:44.5,198,2137.505493,-0.118164,0.986328,-0.121094,-1.54,0.21,-0.98,-140.900009,39.100002,-128.699997,,,
$WAX9,35:44.6,199,2137.605499,-0.125977,0.993164,-0.117188,-0.28,-0.35,-0.14,-140.699997,38.600002,-130.699997,,,
$WAX9,35:44.7,200,2137.705505,-0.120117,0.988281,-0.118164,-0.21,-1.61,0.14,-140.300003,38.799999,-131.300003,4.095,34.1,101179
$WAX9,35:44.8,201,2137.805481,-0.125,0.986328,-0.113281,-0.98,-1.89,-0.7,-140.600006,38.700001,-133,,,
$WAX9,35:44.9,202,2137.905487,-0.124023,0.988281,-0.117188,-0.56,1.26,-0.91,-141.100006,38.799999,-132.5,,,
$WAX9,35:45.0,203,2138.005493,-0.123047,0.987305,-0.119141,-0.84,-0.91,-1.05,-140.600006,38.700001,-133.100006,,,
$WAX9,35:45.1,204,2138.105499,-0.129883,0.988281,-0.113281,-0.07,-1.05,-0.7,-140.300003,38.900002,-130.300003,,,
$WAX9,35:45.2,205,2138.205505,-0.124023,0.985352,-0.118164,-0.91,0.77,-1.05,-140.5,38.5,-129.699997,,,
$WAX9,35:45.3,206,2138.305481,-0.116211,0.978516,-0.116211,-0.98,-0.84,-1.33,-140.800003,38.799999,-131.100006,,,
$WAX9,35:45.4,207,2138.405487,-0.128906,0.988281,-0.113281,-0.63,-0.91,-0.21,-141.100006,38.600002,-132.5,,,
$WAX9,35:45.5,208,2138.505493,-0.121094,0.985352,-0.116211,-0.56,1.12,-1.19,-141.300003,38.100002,-131.600006,,,
$WAX9,35:45.6,209,2138.605499,-0.123047,0.984375,-0.114258,-0.84,-0.07,-0.91,-140.699997,38,-129.800003,,,
$WAX9,35:45.7,210,2138.705505,-0.126953,0.985352,-0.115234,-0.63,-0.28,-0.42,-140.900009,38,-133.5,,,
$WAX9,35:45.8,211,2138.805481,-0.125,0.991211,-0.112305,-1.19,-0.35,-1.05,-141,38.600002,-129.900009,,,
$WAX9,35:45.9,212,2138.905487,-0.125,0.980469,-0.116211,-1.96,-0.91,-1.68,-141,38.700001,-131.100006,4.095,34.1,101189
$WAX9,35:46.0,213,2139.005493,-0.132813,0.985352,-0.119141,-1.47,0.84,-1.05,-140.800003,38.5,-131.400009,,,
$WAX9,35:46.1,214,2139.105499,-0.130859,0.985352,-0.119141,-1.12,-0.49,-0.49,-140.5,38.900002,-132.800003,,,
$WAX9,35:46.2,215,2139.205505,-0.129883,0.985352,-0.117188,-0.14,0.42,-1.4,-141.100006,38.299999,-130.699997,,,
$WAX9,35:46.3,216,2139.305481,-0.119141,0.982422,-0.119141,-0.07,0.7,-1.05,-140.800003,38.400002,-132.600006,,,
$WAX9,35:46.5,217,2139.405487,-0.128906,0.991211,-0.115234,-0.42,0.21,-0.49,-141.5,38.5,-129.699997,,,
$WAX9,35:46.5,218,2139.505493,-0.126953,0.990234,-0.121094,-0.07,1.19,-1.05,-140.900009,38.5,-130.600006,,,
$WAX9,35:46.6,219,2139.605499,-0.128906,0.987305,-0.119141,-0.07,-0.07,-0.42,-140.300003,38.299999,-131.800003,,,
$WAX9,35:46.7,220,2139.705505,-0.12207,0.980469,-0.116211,-0.56,-1.33,0.35,-140.699997,38.799999,-133.100006,,,
$WAX9,35:46.8,221,2139.805481,-0.119141,0.988281,-0.124023,0.07,0.56,0.07,-140.600006,38.200001,-130.400009,,,
$WAX9,35:46.9,222,2139.905487,-0.126953,0.984375,-0.118164,-1.05,-2.03,-0.56,-141.100006,39.100002,-132.100006,,,
$WAX9,35:47.0,223,2140.005493,-0.121094,0.986328,-0.115234,-0.63,-1.12,-0.14,-140.900009,38.799999,-132,,,
$WAX9,35:47.1,224,2140.105499,-0.118164,0.990234,-0.116211,-1.26,-0.49,-0.98,-141,38.5,-130.400009,,,
$WAX9,35:47.2,225,2140.205505,-0.119141,0.991211,-0.123047,-0.49,-0.35,-0.28,-140.800003,38.299999,-131.600006,4.095,34.1,101185
$WAX9,35:47.3,226,2140.305481,-0.119141,0.983398,-0.121094,-0.21,-0.21,-0.56,-140.300003,39,-134.5,,,
$WAX9,35:47.5,227,2140.405487,-0.115234,0.986328,-0.119141,-0.07,-1.26,-0.56,-141.199997,39,-132.400009,,,
$WAX9,35:47.5,228,2140.505493,-0.120117,0.987305,-0.12207,-0.77,0.07,-1.12,-140.699997,38.5,-128.800003,,,
$WAX9,35:47.6,229,2140.605499,-0.117188,0.986328,-0.119141,1.05,-1.19,0.35,-141.600006,39,-130.900009,,,
$WAX9,35:47.7,230,2140.705505,-0.107422,0.986328,-0.125977,0,0,-0.7,-141.100006,38.5,-130.100006,,,
$WAX9,35:47.8,231,2140.805481,-0.12207,0.989258,-0.123047,-0.49,-2.24,-0.35,-141.699997,39,-131.699997,,,
$WAX9,35:47.9,232,2140.905487,-0.119141,0.986328,-0.120117,-0.56,0.28,-0.56,-140.600006,38.900002,-132.400009,,,
$WAX9,35:48.0,233,2141.005493,-0.114258,0.985352,-0.12793,-1.96,0.07,-0.56,-141.100006,38.799999,-130.600006,,,
$WAX9,35:48.1,234,2141.105499,-0.111328,0.981445,-0.125,-0.63,-0.28,-0.84,-141.699997,38.900002,-130.800003,,,
$WAX9,35:48.2,235,2141.205505,-0.115234,0.986328,-0.125977,-0.21,-0.42,-0.84,-141.5,38.400002,-128.5,,,
$WAX9,35:48.3,236,2141.305481,-0.111328,0.985352,-0.121094,0.49,-0.49,-0.7,-141.800003,38.600002,-133.400009,,,
$WAX9,35:48.4,237,2141.405487,-0.111328,0.987305,-0.121094,-1.54,-0.28,-1.05,-141.5,38.799999,-129.900009,4.095,34.1,101183
$WAX9,35:48.6,238,2141.505493,-0.115234,0.987305,-0.125,-0.56,-0.21,0.21,-141.199997,38.5,-129.400009,,,
$WAX9,35:48.6,239,2141.605499,-0.115234,0.980469,-0.123047,-0.42,-1.89,-0.63,-141.199997,39,-129.699997,,,
$WAX9,35:48.7,240,2141.705505,-0.117188,0.988281,-0.125977,-0.7,-0.77,-1.05,-141.300003,38.5,-130.800003,,,
$WAX9,35:48.8,241,2141.805481,-0.110352,0.987305,-0.124023,-0.35,-0.42,-1.89,-141.400009,38.5,-133,,,
$WAX9,35:48.9,242,2141.905487,-0.113281,0.987305,-0.125,-1.05,-0.14,-0.63,-141.199997,39,-132.100006,,,
$WAX9,35:49.0,243,2142.005493,-0.116211,0.988281,-0.125977,-0.56,-0.14,-1.26,-141.100006,37.900002,-132,,,
$WAX9,35:49.1,244,2142.105499,-0.117188,0.985352,-0.124023,-1.4,-0.91,-1.68,-141,38.299999,-131.400009,,,
$WAX9,35:49.2,245,2142.205505,-0.116211,0.989258,-0.120117,-1.82,-0.63,-1.61,-141.5,38.400002,-132.600006,,,
$WAX9,35:49.3,246,2142.305481,-0.12207,0.984375,-0.124023,-0.21,-0.42,-1.05,-141.5,38.400002,-133.100006,,,
$WAX9,35:49.4,247,2142.405487,-0.116211,1.013672,-0.188477,14,-5.6,0.14,-141.400009,38.900002,-132.699997,,,
$WAX9,35:49.5,248,2142.505493,-0.089844,0.974609,-0.114258,13.58,-25.27,-2.87,-141,39.400002,-130,,,
$WAX9,35:49.6,249,2142.605499,-0.188477,1.018555,-0.195313,2.66,3.64,-4.48,-139.900009,39.5,-128.800003,4.095,34.1,101188
$WAX9,35:49.7,250,2142.705505,-0.246094,0.695313,-0.176758,-60.34,55.23,-0.14,-139.199997,39.100002,-126.900002,,,
$WAX9,35:49.9,251,2142.805481,0.219727,1.223633,-0.200195,-3.22,17.43,-10.08,-140.900009,37.900002,-133,,,
$WAX9,35:49.9,252,2142.905487,-0.036133,0.833984,-0.251953,11.97,25.620001,-2.31,-141.300003,38,-133.5,,,
$WAX9,35:50.0,253,2143.005493,-0.007813,0.850586,-0.179688,-24.290001,18.620001,4.55,-141.5,38.299999,-131.900009,,,
$WAX9,35:50.1,254,2143.105499,-0.15332,1.169922,-0.259766,-22.610001,29.33,-16.59,-143,38.299999,-136.600006,,,
$WAX9,35:50.3,255,2143.205505,-0.228516,1.21582,-0.271484,11.69,25.549999,-11.9,-142.699997,37.900002,-136.900009,,,
$WAX9,35:50.3,256,2143.305481,-0.061523,0.970703,-0.186523,13.02,26.809999,17.710001,-141.900009,38.100002,-135.400009,,,
$WAX9,35:50.4,257,2143.405487,-0.407227,0.957031,0.092773,8.19,92.610001,-9.73,-142.400009,38.400002,-137.800003,,,
$WAX9,35:50.5,258,2143.505493,-0.142578,0.975586,-0.09082,-9.17,69.650002,-7.35,-143.699997,39.400002,-137.199997,,,
$WAX9,35:50.6,259,2143.605499,-0.114258,0.893555,-0.125,-11.06,67.199997,-11.62,-144,39.5,-140.300003,,,
$WAX9,35:50.7,260,2143.705505,-0.111328,0.961914,-0.12207,-5.04,52.220001,-3.71,-143.800003,39.400002,-142.600006,,,
$WAX9,35:50.8,261,2143.805481,-0.032227,1.108398,-0.208984,-0.91,117.25,2.59,-144,39.600002,-143.900009,4.107,34.2,101184
$WAX9,35:50.9,262,2143.905487,-0.223633,0.921875,-0.125977,-39.970001,71.540001,-2.59,-144.400009,39.700001,-146.900009,,,
$WAX9,35:51.0,263,2144.005493,-0.074219,1.075195,-0.198242,3.78,24.99,-33.529999,-144.5,40.600002,-149.400009,,,
$WAX9,35:51.1,264,2144.105499,-0.037109,0.797852,-0.266602,8.05,45.43,-23.52,-142.400009,40.600002,-149.5,,,
$WAX9,35:51.2,265,2144.205505,0.021484,0.790039,-0.25,-9.03,23.799999,-0.21,-140.699997,40.200001,-151.600006,,,
$WAX9,35:51.3,266,2144.305481,-0.099609,1.165039,-0.419922,-35.420002,51.799999,-0.42,-139.5,40.200001,-150.900009,,,
$WAX9,35:51.4,267,2144.405487,-0.322266,1.102539,-0.419922,51.52,10.43,-7.56,-139.400009,40.400002,-151.900009,,,
$WAX9,35:51.5,268,2144.505493,-0.274414,0.957031,0.09668,1.75,66.220001,-21.77,-138.300003,40,-151,,,
$WAX9,35:51.6,269,2144.605499,-0.022461,0.9375,-0.128906,-14.7,33.529999,3.29,-138.400009,39.200001,-151.199997,,,
$WAX9,35:51.7,270,2144.705505,-0.072266,0.837891,-0.137695,-8.54,2.94,-7.7,-137.600006,38.600002,-148.300003,,,
$WAX9,35:51.8,271,2144.805481,0.015625,0.820313,-0.204102,0.77,21.139999,-3.5,-137.900009,38.900002,-150.199997,,,
$WAX9,35:51.9,272,2144.905487,-0.03418,1.052734,-0.138672,-13.16,24.43,-16.52,-137.699997,37.900002,-151,,,
$WAX9,35:52.0,273,2145.005493,0.185547,1.186523,-0.152344,-19.32,1.4,-0.07,-136.100006,37.799999,-151.699997,4.095,34.2,101180
$WAX9,35:52.1,274,2145.105499,-0.526367,0.829102,-0.024414,-41.299999,-35,39.060001,-135.199997,37.900002,-154.100006,,,
$WAX9,35:52.2,275,2145.205505,-0.017578,1.232422,-0.06543,24.99,-54.670002,11.06,-137,37.600002,-155.300003,,,
$WAX9,35:52.3,276,2145.305481,-0.108398,0.836914,-0.116211,30.17,-109.620003,-4.9,-140.300003,37.900002,-153.800003,,,
$WAX9,35:52.4,277,2145.405487,0.054688,1.074219,-0.166992,38.009998,-161.770004,1.61,-141.600006,37,-151.5,,,
$WAX9,35:52.6,278,2145.505493,-0.018555,0.910156,-0.206055,32.689999,-158.970001,34.02,-141.900009,36.200001,-147.100006,,,
$WAX9,35:52.7,279,2145.605499,-0.204102,0.995117,0.047852,-30.73,-125.370003,35.91,-143.900009,36.400002,-142.300003,,,
$WAX9,35:52.7,280,2145.705505,-0.000977,0.975586,0.118164,16.17,-71.68,-8.61,-144.800003,37.700001,-136.900009,,,
$WAX9,35:52.8,281,2145.805481,-0.077148,0.963867,0.06543,8.33,-201.25,14.49,-144.900009,37.400002,-137.199997,,,
$WAX9,35:52.9,282,2145.905487,-0.068359,0.956055,0.025391,2.52,-140.419998,2.24,-142.5,38.100002,-132.800003,,,
$WAX9,35:53.0,283,2146.005493,-0.113281,1,0.0625,5.6,-122.010002,13.16,-138.800003,38.600002,-128.5,,,
$WAX9,35:53.1,284,2146.105499,-0.050781,0.988281,0.082031,6.58,-118.650002,37.170002,-134.900009,39.400002,-127.099998,,,
$WAX9,35:53.2,285,2146.205505,-0.185547,1.271484,0.130859,26.040001,-107.099998,32.200001,-131.5,41.100002,-125.700005,4.107,34.2,101177
$WAX9,35:53.3,286,2146.305481,-0.180664,1.125,-0.135742,43.189999,-119.980003,8.82,-128.900009,41.100002,-125.400002,,,
$WAX9,35:53.4,287,2146.405487,-0.014648,0.791992,-0.089844,28.35,-126.209999,24.57,-127.200005,41.900002,-124.400002,,,
$WAX9,35:53.5,288,2146.505493,-0.085938,0.984375,-0.202148,34.580002,-108.849998,16.940001,-124.300003,43.200001,-123,,,
$WAX9,35:53.6,289,2146.605499,0.046875,0.853516,-0.239258,46.41,-79.800003,21.49,-116.900002,47.100002,-126.099998,,,
$WAX9,35:53.7,290,2146.705505,-0.12793,0.995117,-0.34082,2.52,-61.670002,3.36,-114.700005,48.600002,-127.700005,,,
$WAX9,35:53.8,291,2146.805481,-0.206055,0.978516,-0.051758,0.7,-5.74,22.68,-113.599998,49.200001,-128.400009,,,
$WAX9,35:53.9,292,2146.905487,-0.138672,0.832031,-0.008789,-8.54,-38.920002,-20.790001,-114.300003,50.400002,-127.5,,,
$WAX9,35:54.0,293,2147.005493,-0.140625,0.989258,-0.175781,-22.610001,-8.82,6.23,-113.099998,51.400002,-130.600006,,,
$WAX9,35:54.1,294,2147.105499,-0.06543,0.894531,-0.095703,-21.84,-8.82,-12.74,-113,51.400002,-134.699997,,,
$WAX9,35:54.2,295,2147.205505,-0.129883,1.043945,-0.072266,-21.559999,-18.549999,-7.77,-114.400002,50.600002,-138.900009,,,
$WAX9,35:54.3,296,2147.305481,-0.033203,1.200195,-0.073242,-7.07,-3.22,9.38,-116.200005,51,-140.300003,,,
$WAX9,35:54.4,297,2147.405487,-0.398438,0.767578,0.052734,5.46,-66.709999,39.200001,-119.300003,51,-137,4.107,34.2,101177
$WAX9,35:54.5,298,2147.505493,-0.069336,1.125977,-0.06543,26.040001,-33.810001,12.74,-119.800003,50.200001,-136.600006,,,
$WAX9,35:54.6,299,2147.605499,-0.069336,0.770508,-0.148438,19.110001,-54.740002,-2.94,-119.300003,50.200001,-135.5,,,
$WAX9,35:54.7,300,2147.705505,0.000977,0.861328,-0.152344,33.670002,-72.379997,5.46,-117.599998,50.299999,-134.699997,,,
$WAX9,35:54.8,301,2147.805481,-0.123047,0.993164,-0.327148,-7.21,-12.39,10.99,-114.599998,50,-131.800003,,,
$WAX9,35:54.9,302,2147.905487,-0.016602,0.957031,-0.089844,50.189999,-13.86,16.450001,-112.300003,48.5,-132,,,
$WAX9,35:55.0,303,2148.005493,-0.291992,0.813477,-0.143555,-16.799999,-43.189999,-17.92,-112.900002,48.299999,-132,,,
$WAX9,35:55.2,304,2148.105499,-0.078125,0.873047,-0.116211,-35.07,-14.56,10.01,-112.200005,47.200001,-132.600006,,,
$WAX9,35:55.3,305,2148.205505,-0.166992,1.044922,-0.177734,-11.76,-8.61,-11.55,-111.5,45.600002,-134.199997,,,
$WAX9,35:55.4,306,2148.305481,0.138672,1.045898,-0.077148,-8.82,80.57,-11.06,-110.700005,44.700001,-138.699997,,,
$WAX9,35:55.5,307,2148.405487,-0.017578,1.304688,-0.151367,-13.37,-6.58,32.27,-110.900002,43.900002,-137.199997,,,
$WAX9,35:55.6,308,2148.505493,-0.505859,0.898438,-0.129883,-41.23,-10.36,59.290001,-111.700005,42.600002,-135.199997,,,
$WAX9,35:55.6,309,2148.605499,-0.039063,1.083008,-0.048828,24.15,-58.450001,-20.860001,-114.099998,39.700001,-137.100006,4.095,34.2,101187
$WAX9,35:55.7,310,2148.705505,0.071289,0.769531,-0.240234,39.34,-9.38,-22.4,-114.200005,39.200001,-139.900009,,,
$WAX9,35:55.8,311,2148.805481,-0.033203,0.943359,-0.182617,2.87,-24.780001,0.14,-112.700005,41,-138.199997,,,
$WAX9,35:55.9,312,2148.905487,-0.359375,1.235352,-0.356445,0.07,-0.49,5.46,-112.400002,40.5,-137.900009,,,
$WAX9,35:56.1,313,2149.005493,0.043945,1.021484,-0.049805,21.42,-5.6,11.76,-112,39.700001,-136.600006,,,
$WAX9,35:56.1,314,2149.105499,-0.196289,0.956055,-0.194336,-15.26,-8.47,-8.19,-113,40.200001,-136.699997,,,
$WAX9,35:56.2,315,2149.205505,0.041992,0.849609,-0.144531,-19.6,6.37,-2.8,-111.700005,40.400002,-134.699997,,,
$WAX9,35:56.3,316,2149.305481,-0.049805,0.93457,-0.207031,-5.81,21.210001,-0.21,-112.5,40.5,-137.699997,,,
$WAX9,35:56.4,317,2149.405487,0.18457,1.068359,-0.178711,-10.22,17.92,-20.65,-111.300003,39.700001,-137,,,
$WAX9,35:56.5,318,2149.505493,-0.036133,1.310547,-0.024414,-20.58,-34.93,42.279999,-111.099998,40.5,-137.100006,,,
$WAX9,35:56.6,319,2149.605499,-0.03418,0.945313,-0.075195,2.87,-6.86,27.02,-111.200005,40.200001,-136,,,
$WAX9,35:56.7,320,2149.705505,-0.015625,0.999023,-0.12207,7.35,-84.349998,2.45,-112.099998,38.400002,-138.300003,,,
$WAX9,35:56.8,321,2149.805481,-0.038086,0.947266,-0.12793,72.239998,-175.699997,-4.06,-112.700005,38.299999,-140.300003,4.095,34.2,101185
$WAX9,35:56.9,322,2149.905487,-0.0625,0.765625,-0.053711,42.490002,-183.960007,31.780001,-111.099998,38.299999,-143.900009,,,
$WAX9,35:57.0,323,2150.005493,-0.263672,1.058594,0.038086,-43.119999,-109.830002,33.459999,-112.099998,38.200001,-144.699997,,,
$WAX9,35:57.1,324,2150.105499,-0.212891,1.097656,-0.005859,-19.530001,-96.110001,-1.75,-114.700005,36.400002,-146.400009,,,
$WAX9,35:57.2,325,2150.205505,0.044922,1.029297,0.048828,-4.62,-177.309998,12.6,-117.300003,35.799999,-151.800003,,,
$WAX9,35:57.3,326,2150.305481,-0.033203,0.99707,0.137695,-2.1,-146.440002,16.24,-118.700005,35.799999,-155.400009,,,
$WAX9,35:57.5,327,2150.405487,-0.009766,0.962891,0.178711,4.27,-92.190002,10.01,-124.599998,35.5,-157.600006,,,
$WAX9,35:57.5,328,2150.505493,0.069336,1.014648,0.174805,3.92,-84.980003,1.82,-128.699997,35.5,-161.199997,,,
$WAX9,35:57.6,329,2150.605499,0.010742,1.244141,0.177734,20.719999,-111.510002,23.379999,-132.100006,35.100002,-162.900009,,,
$WAX9,35:57.7,330,2150.705505,-0.391602,0.988281,-0.147461,13.23,-38.080002,30.870001,-134.400009,34.900002,-161.699997,,,
$WAX9,35:57.9,331,2150.805481,-0.194336,1.011719,-0.168945,7.63,-116.129997,8.33,-140.5,34.5,-156.600006,,,
$WAX9,35:58.0,332,2150.905487,-0.126953,0.945313,-0.02832,33.110001,-129.919998,-1.26,-143.100006,34.900002,-154.699997,,,
$WAX9,35:58.1,333,2151.005493,-0.025391,0.893555,-0.111328,24.780001,-86.379997,13.58,-144.600006,34.799999,-149.600006,4.083,34.2,101184
$WAX9,35:58.2,334,2151.105499,-0.019531,0.978516,-0.158203,11.13,-64.610001,16.030001,-145.300003,35,-142.100006,,,
$WAX9,35:58.2,335,2151.205505,-0.019531,1.004883,-0.188477,-2.45,-43.82,-1.12,-145.400009,35.799999,-140.800003,,,
$WAX9,35:58.3,336,2151.305481,-0.214844,1.068359,-0.186523,40.32,-12.67,8.54,-144.600006,35.400002,-139.199997,,,
$WAX9,35:58.4,337,2151.405487,-0.208008,0.929688,-0.064453,5.46,-25.76,-17.15,-145.5,36.200001,-135.5,,,
$WAX9,35:58.5,338,2151.505493,-0.143555,0.941406,-0.161133,-18.41,6.93,9.31,-145.100006,36.600002,-137.900009,,,
$WAX9,35:58.6,339,2151.605499,-0.030273,0.912109,-0.181641,-9.87,11.97,-8.82,-145.199997,37.100002,-140.300003,,,
$WAX9,35:58.7,340,2151.705505,-0.245117,0.844727,-0.19043,-11.27,1.89,-8.19,-145.199997,36.5,-140.600006,,,
$WAX9,35:58.8,341,2151.805481,-0.067383,1.171875,-0.231445,-21.49,62.369999,13.72,-144.699997,36.200001,-139.400009,,,
$WAX9,35:58.9,342,2151.905487,-0.360352,1.112305,-0.125977,-48.02,53.34,27.719999,-146.199997,37.600002,-139.800003,,,
$WAX9,35:59.1,343,2152.005493,-0.091797,1.119141,-0.143555,21.210001,-15.89,-24.780001,-148,37.400002,-146.900009,,,
$WAX9,35:59.1,344,2152.105499,-0.109375,0.768555,-0.180664,5.81,27.299999,-30.59,-147.5,38,-145.300003,,,
$WAX9,35:59.2,345,2152.205505,-0.014648,0.796875,-0.228516,-5.46,26.18,-4.83,-145.400009,36.900002,-145.600006,4.083,34.2,101186
$WAX9,35:59.3,346,2152.305481,-0.233398,1.138672,-0.329102,-20.860001,28.49,-1.75,-144.300003,36.900002,-147.300003,,,
$WAX9,35:59.4,347,2152.405487,-0.05957,1.323242,-0.347656,60.060001,2.94,8.33,-143.600006,37.5,-147.100006,,,
$WAX9,35:59.5,348,2152.505493,-0.143555,0.97168,-0.073242,12.04,45.009998,-11.06,-143.600006,37.299999,-147.5,,,
$WAX9,35:59.6,349,2152.605499,-0.106445,0.961914,-0.145508,-1.82,33.110001,-5.32,-143.600006,38.5,-143.600006,,,
$WAX9,35:59.7,350,2152.705505,-0.077148,0.818359,-0.178711,-12.53,3.57,-16.450001,-143,38.200001,-146.5,,,
$WAX9,35:59.8,351,2152.805481,-0.072266,0.961914,-0.209961,-2.94,21.559999,-8.4,-142.800003,39,-146.900009,,,
$WAX9,35:59.9,352,2152.905487,-0.004883,1.047852,-0.1875,-5.53,3.99,-14.63,-141.900009,39.200001,-149.199997,,,
$WAX9,36:00.0,353,2153.005493,-0.208984,1.234375,-0.204102,-32.900002,36.75,31.01,-141,39.400002,-148.300003,,,
$WAX9,36:00.1,354,2153.105499,-0.053711,1.216797,-0.141602,2.87,39.41,11.9,-141.199997,40.600002,-151.600006,,,
$WAX9,36:00.2,355,2153.205505,-0.063477,0.910156,-0.158203,1.75,-14.49,-15.47,-142.300003,41.5,-154.300003,,,
$WAX9,36:00.3,356,2153.305481,-0.0625,0.901367,-0.200195,0.21,15.82,-22.4,-141.800003,41.700001,-153.600006,,,
$WAX9,36:00.4,357,2153.405487,0.00293,0.851563,-0.248047,4.76,0.91,16.1,-141.100006,41.900002,-151.199997,4.083,34.3,101187
$WAX9,36:00.6,358,2153.505493,-0.12207,1.016602,-0.258789,-24.15,13.23,-0.63,-140.600006,41.200001,-151.699997,,,
$WAX9,36:00.6,359,2153.605499,-0.172852,1.367188,-0.329102,41.720001,-3.01,9.52,-141.600006,41,-152.300003,,,
$WAX9,36:00.7,360,2153.705505,-0.007813,1.023438,-0.040039,59.779999,14,-0.35,-142.300003,40.100002,-154.5,,,
$WAX9,36:00.9,361,2153.805481,-0.188477,0.966797,-0.206055,-12.74,-4.55,-6.37,-142.199997,39.600002,-148.800003,,,
$WAX9,36:01.0,362,2153.905487,-0.02832,0.860352,-0.095703,-14.21,12.88,-7.49,-142.100006,38.5,-143.600006,,,
$WAX9,36:01.1,363,2154.005493,-0.271484,0.987305,-0.070313,-10.01,59.5,-15.54,-142.5,38.299999,-146.900009,,,
$WAX9,36:01.1,364,2154.105499,-0.006836,1.060547,-0.064453,13.93,109.690002,-28.49,-141.300003,38.299999,-147.600006,,,
$WAX9,36:01.2,365,2154.205505,-0.123047,1.115234,-0.297852,-15.61,88.410004,-8.05,-139.900009,37.400002,-147.5,,,
$WAX9,36:01.4,366,2154.305481,-0.24707,0.950195,-0.195313,-71.540001,96.529999,-20.51,-136.900009,36.600002,-148.5,,,
$WAX9,36:01.4,367,2154.405487,-0.291016,1.005859,-0.115234,-48.02,97.860001,-37.380001,-135.600006,36.799999,-152.900009,,,
$WAX9,36:01.5,368,2154.505493,-0.18457,0.821289,-0.024414,-57.049999,181.160004,-17.360001,-132.5,37.299999,-156.800003,,,
$WAX9,36:01.6,369,2154.605499,-0.239258,0.994141,0.00293,-60.34,200.550003,-4.2,-127.900002,39.100002,-160.100006,4.083,34.3,101191
$WAX9,36:01.7,370,2154.705505,-0.162109,1.039063,-0.041016,-18.41,157.430008,10.78,-123.099998,41.100002,-162.600006,,,
$WAX9,36:01.8,371,2154.805481,-0.049805,1.020508,-0.083008,48.299999,56.84,3.36,-118.200005,43,-161.800003,,,
$WAX9,36:01.9,372,2154.905487,-0.063477,0.931641,0.078125,14.14,126.489998,-11.69,-113.800003,43.900002,-153,,,
$WAX9,36:02.0,373,2155.005493,0.094727,1.069336,0.009766,-14.35,113.400002,-6.02,-112.700005,44.700001,-148.800003,,,
$WAX9,36:02.1,374,2155.105499,-0.024414,0.977539,-0.138672,-11.41,70.980003,-20.370001,-111.900002,45.400002,-144.800003,,,
$WAX9,36:02.2,375,2155.205505,0.055664,0.982422,-0.097656,-2.17,85.120003,-15.4,-111.099998,46.200001,-144.199997,,,
$WAX9,36:02.3,376,2155.305481,0.114258,0.986328,-0.130859,-0.14,73.5,9.52,-110.800003,47.200001,-142.300003,,,
$WAX9,36:02.4,377,2155.405487,-0.145508,1.272461,-0.200195,-3.99,60.41,8.75,-111.599998,47.200001,-137.5,,,
$WAX9,36:02.5,378,2155.505493,0.014648,0.981445,-0.25293,8.61,71.889999,0.28,-113.300003,46.900002,-139.300003,,,
$WAX9,36:02.6,379,2155.605499,-0.079102,0.873047,-0.183594,6.3,6.72,-29.4,-114.900002,46.299999,-135.900009,,,
$WAX9,36:02.7,380,2155.705505,-0.066406,0.829102,-0.25293,4.48,37.450001,-14.21,-113.800003,47.799999,-135.800003,,,
$WAX9,36:02.8,381,2155.805481,-0.119141,0.893555,-0.290039,7.56,12.53,7.77,-114.400002,47.900002,-133.400009,4.083,34.3,101184
$WAX9,36:02.9,382,2155.905487,-0.067383,1.030273,-0.441406,-24.57,41.23,2.38,-115.800003,48.400002,-135.600006,,,
$WAX9,36:03.0,383,2156.005493,-0.162109,1,-0.114258,27.370001,4.69,15.26,-116.599998,48.100002,-131.5,,,
$WAX9,36:03.1,384,2156.105499,-0.200195,0.889648,-0.05957,1.26,-11.48,-24.43,-118.300003,49.700001,-131.199997,,,
$WAX9,36:03.2,385,2156.205505,-0.146484,0.956055,-0.178711,-31.99,-119.699997,23.030001,-110.800003,40.200001,-153.400009,,,
$WAX9,36:03.3,386,2156.305481,-0.261719,0.967773,-0.019531,47.110001,19.950001,-5.39,-113.599998,37.799999,-152.300003,,,
$WAX9,36:03.4,387,2156.405487,-0.225586,0.875,-0.217773,-7,-116.900002,5.18,-115.700005,36.700001,-153.300003,,,
$WAX9,36:03.5,388,2156.505493,-0.077148,0.746094,-0.141602,-31.85,-44.450001,3.99,-115.800003,36.600002,-153.600006,,,
$WAX9,36:03.6,389,2156.605499,-0.214844,0.973633,-0.126953,1.96,-15.47,25.549999,-117.800003,36.400002,-155.900009,,,
$WAX9,36:03.7,390,2156.705505,-0.345703,1.004883,-0.193359,3.64,-67.340004,8.47,-120.200005,35.900002,-154.600006,,,
$WAX9,36:03.8,391,2156.805481,0.216797,1.207031,-0.226563,30.870001,-26.6,-27.719999,-122.300003,35.5,-157.699997,,,
$WAX9,36:03.9,392,2156.905487,-0.121094,0.700195,-0.262695,49.420002,-5.32,-1.61,-122.099998,35.600002,-155.5,,,
$WAX9,36:04.0,393,2157.005493,-0.311523,0.927734,-0.198242,39.970001,28.280001,17.219999,-121.200005,34.700001,-150.800003,4.083,34.3,101189
$WAX9,36:04.1,394,2157.105499,-0.229492,0.875,-0.160156,31.01,12.6,15.4,-123.200005,34.600002,-149,,,
$WAX9,36:04.3,395,2157.205505,0.169922,1.105469,0.044922,-3.08,0.21,45.57,-125,34.5,-145,,,
$WAX9,36:04.3,396,2157.305481,0.100586,1.132813,-0.395508,-81.480003,55.790001,40.880001,-128,33.299999,-144.699997,,,
$WAX9,36:04.5,397,2157.405487,0.083984,0.825195,-0.430664,-47.110001,15.190001,29.75,-130.699997,33.200001,-150.100006,,,
$WAX9,36:04.5,398,2157.505493,0.196289,1.206055,-0.151367,-58.029999,45.849998,64.120003,-133.199997,34,-155.199997,,,
$WAX9,36:04.6,399,2157.605499,0.209961,0.962891,-0.050781,28.77,13.02,61.110001,-137.800003,35.200001,-156.400009,,,
$WAX9,36:04.7,400,2157.705505,0.463867,0.734375,0.017578,-76.440002,20.299999,72.590004,-141.400009,36.200001,-157.800003,,,
$WAX9,36:04.8,401,2157.805481,0.458008,0.964844,0.003906,-42.98,-12.6,66.150002,-145.699997,38.400002,-163,,,
$WAX9,36:04.9,402,2157.905487,0.352539,0.592773,0.177734,-27.860001,-58.939999,38.639999,-150.300003,41.700001,-164.900009,,,
$WAX9,36:05.0,403,2158.005493,0.723633,0.670898,-0.168945,6.93,-138.669998,59.220001,-155.800003,44.600002,-164,,,
$WAX9,36:05.1,404,2158.105499,0.331055,0.754883,-0.326172,10.01,-103.389999,-0.35,-161,47.400002,-162.900009,,,
$WAX9,36:05.2,405,2158.205505,1.144531,0.661133,-0.389648,-38.360001,-3.64,37.799999,-164.400009,49.400002,-156,4.083,34.3,101184
$WAX9,36:05.3,406,2158.305481,0.582031,0.4375,-0.235352,31.360001,-225.190002,8.96,-166.600006,50.5,-154.100006,,,
$WAX9,36:05.4,407,2158.405487,0.96875,0.071289,0.244141,-15.54,177.029999,144.199997,-168.5,52.600002,-146.100006,,,
$WAX9,36:05.5,408,2158.505493,1.071289,0.494141,-0.318359,-12.18,-14.77,58.380001,-171.100006,57.5,-141.600006,,,
$WAX9,36:05.6,409,2158.605499,1.229492,1.052734,-0.535156,-12.18,5.88,41.439999,-174.100006,62.700001,-143,,,
$WAX9,36:05.7,410,2158.705505,1.262695,0.258789,-0.609375,75.879997,37.170002,78.470001,-175.100006,66,-147.900009,,,
$WAX9,36:05.9,411,2158.805481,0.961914,-0.072266,-0.05957,44.099998,28.77,82.040001,-176.5,71.300003,-148.199997,,,
$WAX9,36:06.0,412,2158.905487,0.796875,0.009766,-0.259766,30.66,-11.13,36.889999,-177.5,78.800003,-152.100006,,,
$WAX9,36:06.0,413,2159.005493,0.887695,-0.051758,-0.297852,22.82,33.670002,19.389999,-177.5,82.700005,-150.400009,,,
$WAX9,36:06.1,414,2159.105499,1.073242,-0.138672,-0.174805,-2.94,22.469999,-15.190001,-176.800003,85.400002,-151.900009,,,
$WAX9,36:06.2,415,2159.205505,1.025391,0.067383,-0.186523,-2.8,-22.049999,-41.09,-177,85.599998,-155.400009,,,
$WAX9,36:06.3,416,2159.305481,0.878906,0.029297,-0.254883,-8.47,-4.69,-24.15,-177.400009,83.300003,-152.300003,,,
$WAX9,36:06.4,417,2159.405487,0.974609,0.027344,-0.194336,-9.87,-0.49,-27.719999,-177.900009,81.099998,-153.600006,4.083,34.3,101190
$WAX9,36:06.5,418,2159.505493,1.019531,0.09668,-0.285156,-13.65,1.75,-12.46,-177.800003,80.099998,-152.400009,,,
$WAX9,36:06.6,419,2159.605499,0.958008,0.113281,-0.226563,-14.49,10.85,-2.59,-177.800003,78.200005,-154.100006,,,
$WAX9,36:06.7,420,2159.705505,0.928711,0.120117,-0.192383,-7.98,10.08,0.28,-178,77.700005,-154.400009,,,
$WAX9,36:06.8,421,2159.805481,0.952148,0.089844,-0.1875,-10.71,14.63,2.52,-177.600006,78.099998,-152.400009,,,
$WAX9,36:06.9,422,2159.905487,0.950195,0.105469,-0.185547,-14.42,11.83,-1.4,-177.699997,78.300003,-153.800003,,,
$WAX9,36:07.0,423,2160.005493,0.982422,0.106445,-0.114258,-4.97,3.43,-9.1,-177,78.200005,-154.600006,,,
$WAX9,36:07.1,424,2160.105499,0.952148,0.131836,-0.150391,-7.35,-5.18,-3.92,-176.900009,77.900002,-158.600006,,,
$WAX9,36:07.2,425,2160.205505,0.973633,0.123047,-0.136719,4.48,6.02,2.45,-177.300003,77.599998,-158.5,,,
$WAX9,36:07.3,426,2160.305481,0.996094,0.101563,-0.126953,-0.7,-1.33,0.35,-176.800003,77.700005,-154.600006,,,
$WAX9,36:07.4,427,2160.405487,0.966797,0.112305,-0.150391,-1.26,1.33,-1.05,-176.300003,77.800003,-156.5,,,
$WAX9,36:07.5,428,2160.505493,0.982422,0.113281,-0.126953,-0.42,1.75,-1.19,-176.699997,78.099998,-158.900009,,,
$WAX9,36:07.6,429,2160.605499,0.97168,0.12207,-0.138672,-0.7,-2.66,-0.98,-177,77.700005,-158.800003,4.083,34.3,101190
$WAX9,36:07.7,430,2160.705505,0.976563,0.117188,-0.135742,-0.49,0.42,-0.63,-177.100006,77.800003,-156.300003,,,
$WAX9,36:07.8,431,2160.805481,0.976563,0.110352,-0.136719,-0.42,-0.98,-2.66,-176.699997,78.200005,-156.400009,,,
$WAX9,36:07.9,432,2160.905487,0.976563,0.12207,-0.137695,-0.49,-1.12,-0.7,-177,77.900002,-157.400009,,,
$WAX9,36:08.1,433,2161.005493,0.981445,0.120117,-0.134766,0.49,-0.28,-0.28,-176.199997,77.900002,-157.600006,,,
$WAX9,36:08.1,434,2161.105499,0.981445,0.119141,-0.137695,-1.61,-0.77,-1.19,-177,78.400002,-156.5,,,
$WAX9,36:08.2,435,2161.205505,0.983398,0.115234,-0.141602,0.98,-1.68,-1.26,-177.100006,78.300003,-157.699997,,,
$WAX9,36:08.3,436,2161.305481,0.969727,0.113281,-0.143555,-1.26,0,-1.26,-176.600006,78.099998,-155.900009,,,
$WAX9,36:08.4,437,2161.405487,0.974609,0.115234,-0.140625,-0.7,-0.56,-1.54,-177.5,77.900002,-157.600006,,,
$WAX9,36:08.5,438,2161.505493,0.978516,0.113281,-0.133789,0.42,1.68,0.63,-176.5,77.5,-155.199997,,,
$WAX9,36:08.6,439,2161.605499,0.977539,0.118164,-0.144531,-1.75,-1.12,-0.56,-176.900009,78.200005,-157.199997,,,
$WAX9,36:08.7,440,2161.705505,0.977539,0.123047,-0.131836,-0.63,1.33,-0.7,-176.699997,78.400002,-157.100006,,,
$WAX9,36:08.8,441,2161.805481,0.982422,0.111328,-0.136719,-0.98,-0.7,-0.84,-177.100006,78,-159.400009,4.072,34.3,101183
$WAX9,36:08.9,442,2161.905487,0.978516,0.12207,-0.128906,-1.75,-0.14,-0.98,-177.100006,77.5,-159.100006,,,
$WAX9,36:09.0,443,2162.005493,0.984375,0.111328,-0.141602,-6.44,0.77,-3.15,-177.100006,78,-156.800003,,,
$WAX9,36:09.1,444,2162.105499,0.975586,0.115234,-0.126953,-0.84,1.75,-3.99,-177.300003,78.400002,-158.5,,,
$WAX9,36:09.2,445,2162.205505,0.981445,0.118164,-0.138672,-0.35,-0.91,-0.42,-177.100006,78.099998,-156.300003,,,
$WAX9,36:09.3,446,2162.305481,0.982422,0.118164,-0.136719,-5.88,1.12,0.07,-177.600006,77.900002,-158.800003,,,
$WAX9,36:09.5,447,2162.405487,0.981445,0.09082,-0.120117,-6.16,-1.89,0.91,-177.100006,78.400002,-157.800003,,,
$WAX9,36:09.5,448,2162.505493,0.96875,0.121094,-0.137695,0.7,-1.26,-3.22,-177.600006,78.5,-155.600006,,,
$WAX9,36:09.6,449,2162.605499,0.991211,0.120117,-0.130859,6.79,0.28,2.17,-177.400009,77.900002,-155.800003,,,
$WAX9,36:09.7,450,2162.705505,0.994141,0.104492,-0.130859,-2.38,1.12,-0.77,-177.400009,77.700005,-156.699997,,,
$WAX9,36:09.9,451,2162.805481,0.978516,0.09375,-0.134766,-3.85,-2.87,-5.74,-177.199997,77.700005,-157.5,,,
$WAX9,36:09.9,452,2162.905487,1.000977,0.135742,-0.136719,2.73,4.9,-2.1,-176.900009,77.800003,-155,,,
$WAX9,36:10.5,453,2163.005493,0.990234,0.087891,-0.116211,-4.13,-1.61,1.4,-176.300003,77.800003,-158,4.072,34.3,101180
$WAX9,36:10.5,454,2163.105499,0.988281,0.121094,-0.134766,6.72,4.27,-3.43,-177,77.800003,-158.300003,,,
$WAX9,36:10.6,455,2163.205505,0.995117,0.06543,-0.083984,-6.37,-1.47,4.9,-177.699997,78.099998,-160.300003,,,
$WAX9,36:10.7,456,2163.305481,0.970703,0.125977,-0.142578,5.39,-3.64,-5.95,-177.400009,78.700005,-156.5,,,
$WAX9,36:10.7,459,2163.605499,0.966797,0.158203,-0.109375,-6.65,5.95,3.22,-177.5,78.700005,-158.800003,,,
$WAX9,36:10.7,460,2163.705505,0.97168,0.103516,-0.148438,-0.98,-6.3,-5.95,-176.699997,78.599998,-159,,,
$WAX9,36:10.8,461,2163.805481,0.975586,0.137695,-0.138672,8.12,3.08,-0.42,-176.699997,78.200005,-159,,,
$WAX9,36:10.9,462,2163.905487,1.000977,0.095703,-0.107422,-2.94,-1.82,0.21,-176.600006,78.200005,-157,,,
$WAX9,36:11.0,463,2164.005493,0.948242,0.108398,-0.135742,-9.31,1.68,-5.67,-177,78.099998,-156.699997,,,
$WAX9,36:11.1,464,2164.105499,0.979492,0.126953,-0.124023,-1.33,1.47,-1.26,-176.900009,78.300003,-157.300003,,,
$WAX9,36:11.2,465,2164.205505,0.995117,0.119141,-0.109375,3.22,-0.56,1.61,-177.400009,78,-158.300003,4.072,34.3,101184
$WAX9,36:11.3,466,2164.305481,0.980469,0.108398,-0.117188,1.96,-3.29,0.42,-177.199997,77.700005,-158.400009,,,
$WAX9,36:11.4,467,2164.405487,0.978516,0.106445,-0.125,0.77,-0.63,0.63,-177.300003,77.400002,-159.600006,,,
$WAX9,36:11.5,468,2164.505493,0.982422,0.109375,-0.12793,-0.56,1.05,-0.63,-177.5,77.700005,-155.5,,,
$WAX9,36:11.6,469,2164.605499,0.983398,0.108398,-0.117188,-0.35,0.21,-1.26,-177.100006,78,-158.300003,,,
$WAX9,36:11.7,470,2164.705505,0.981445,0.108398,-0.118164,0.7,-1.05,-0.7,-177.199997,77.800003,-154.800003,,,
$WAX9,36:11.8,471,2164.805481,0.977539,0.109375,-0.12793,-3.01,-1.12,-1.82,-177.800003,78,-159,,,
$WAX9,36:11.9,472,2164.905487,0.972656,0.112305,-0.124023,-1.89,0.84,-3.57,-177,78.099998,-157.400009,,,
$WAX9,36:12.0,473,2165.005493,0.984375,0.121094,-0.117188,-0.7,-0.98,-1.96,-177.199997,77.800003,-157,,,
$WAX9,36:12.1,474,2165.105499,0.976563,0.116211,-0.12793,-4.2,-3.5,-2.73,-177.5,77.700005,-159,,,
$WAX9,36:12.2,475,2165.205505,0.978516,0.123047,-0.12793,-2.31,0.7,-3.22,-177.100006,77.300003,-156,,,
$WAX9,36:12.3,476,2165.305481,0.984375,0.125977,-0.113281,-0.56,0.07,-0.49,-177.199997,78.099998,-158.300003,,,
$WAX9,36:12.4,477,2165.405487,0.980469,0.124023,-0.123047,1.12,-0.49,0.56,-177.100006,77.800003,-156.400009,4.072,34.3,101186
$WAX9,36:12.5,478,2165.505493,0.981445,0.123047,-0.130859,-1.33,-0.63,-1.4,-177.400009,77.900002,-156.900009,,,
$WAX9,36:12.6,479,2165.605499,0.979492,0.125977,-0.126953,-0.98,-0.21,-0.63,-177.100006,78,-160.300003,,,
$WAX9,36:12.7,480,2165.705505,0.980469,0.12207,-0.120117,-0.21,0.21,-1.12,-176.800003,78.200005,-158.699997,,,
$WAX9,36:12.8,481,2165.805481,0.978516,0.12207,-0.119141,-0.7,0,-0.84,-177.600006,78.099998,-156.600006,,,
$WAX9,36:12.9,482,2165.905487,0.978516,0.125,-0.120117,-1.54,0.14,-0.77,-177.199997,77.900002,-159,,,
$WAX9,36:13.0,483,2166.005493,0.980469,0.118164,-0.119141,-0.77,0.07,-0.7,-176.5,78.400002,-157.5,,,
$WAX9,36:13.1,484,2166.105499,0.982422,0.129883,-0.125,-3.08,0.98,-1.54,-177.199997,78.099998,-156.5,,,
$WAX9,36:13.2,485,2166.205505,0.983398,0.121094,-0.120117,-1.33,0.28,-0.7,-177.100006,78,-156.900009,,,
$WAX9,36:13.3,486,2166.305481,0.977539,0.125,-0.117188,0.14,-0.56,-1.12,-177.100006,78.300003,-156.900009,,,
$WAX9,36:13.4,487,2166.405487,0.981445,0.120117,-0.119141,-0.7,-0.49,-0.14,-176.600006,78.599998,-156.600006,,,
$WAX9,36:13.5,488,2166.505493,0.977539,0.12207,-0.118164,-0.35,-0.07,-0.91,-176.900009,78,-157.699997,,,
$WAX9,36:13.6,489,2166.605499,0.981445,0.123047,-0.120117,-0.35,-0.84,-0.77,-176.600006,77.599998,-157.300003,4.072,34.3,101190
$WAX9,36:13.7,490,2166.705505,0.982422,0.119141,-0.123047,-1.05,-0.35,-0.91,-177.100006,78,-158,,,
$WAX9,36:13.8,491,2166.805481,0.981445,0.120117,-0.119141,-0.7,-0.84,-0.56,-176.600006,78,-158.900009,,,
$WAX9,36:13.9,492,2166.905487,0.983398,0.121094,-0.118164,-0.98,0.21,-0.49,-176.900009,78.200005,-158.900009,,,
$WAX9,36:14.0,493,2167.005493,0.980469,0.121094,-0.125977,-1.19,-0.63,-1.05,-176.900009,77.900002,-158.300003,,,
$WAX9,36:14.1,494,2167.105499,0.979492,0.120117,-0.120117,-1.26,-0.14,-1.19,-176.5,78.099998,-155.600006,,,
$WAX9,36:14.2,495,2167.205505,0.977539,0.12207,-0.119141,-0.56,-0.21,-0.84,-176.5,78.400002,-155.600006,,,
$WAX9,36:14.3,496,2167.305481,0.980469,0.124023,-0.119141,0.14,-0.42,-0.21,-176.300003,78.5,-157.800003,,,
$WAX9,36:14.4,497,2167.405487,0.978516,0.124023,-0.119141,-0.63,-0.49,-0.84,-177,78.300003,-159.699997,,,
$WAX9,36:14.5,498,2167.505493,0.979492,0.118164,-0.121094,-0.77,-0.98,-1.26,-176.600006,77.800003,-159.900009,,,
$WAX9,36:14.6,499,2167.605499,0.982422,0.119141,-0.123047,-1.19,-0.07,-1.12,-176.300003,78.200005,-158.100006,,,
$WAX9,36:14.7,500,2167.705505,0.979492,0.123047,-0.120117,-0.63,-0.84,-1.75,-177,78,-159.300003,,,
$WAX9,36:14.8,501,2167.805481,0.981445,0.121094,-0.12207,-0.7,-0.7,-0.84,-176.900009,78.099998,-159.800003,4.083,34.3,101188
$WAX9,36:14.9,502,2167.905487,0.979492,0.125977,-0.120117,-1.61,0.35,-1.4,-176.900009,77.700005,-159.400009,,,
$WAX9,36:15.0,503,2168.005493,0.984375,0.119141,-0.121094,-1.26,-0.42,-0.98,-177.100006,77.800003,-157,,,
$WAX9,36:15.1,504,2168.105499,0.981445,0.124023,-0.119141,-0.42,-0.84,-0.84,-177.600006,78.300003,-157.699997,,,
$WAX9,36:15.2,505,2168.205505,0.982422,0.121094,-0.121094,-0.28,-0.63,-0.14,-176.900009,78.099998,-157.699997,,,
$WAX9,36:15.4,506,2168.305481,0.983398,0.125977,-0.117188,-0.14,-0.21,-0.84,-176.900009,77.900002,-156.5,,,
$WAX9,36:15.5,507,2168.405487,0.978516,0.123047,-0.123047,-0.42,-0.84,-1.05,-176.900009,78.300003,-158.900009,,,
$WAX9,36:15.5,508,2168.505493,0.973633,0.123047,-0.123047,-1.05,0.35,-1.26,-177.300003,77.900002,-157.5,,,
$WAX9,36:15.6,509,2168.605499,0.985352,0.124023,-0.118164,-0.98,0.77,-1.19,-177,78.099998,-156.5,,,
$WAX9,36:15.8,510,2168.705505,0.983398,0.118164,-0.118164,0.63,-0.63,-0.14,-177.300003,78.400002,-159.600006,,,
$WAX9,36:15.8,511,2168.805481,0.980469,0.117188,-0.12207,-0.56,-0.49,0.84,-177.5,78.5,-160.199997,,,
$WAX9,36:16.0,512,2168.905487,0.981445,0.12207,-0.118164,-0.42,0,-0.98,-177.600006,78.099998,-158.900009,,,
$WAX9,36:16.0,513,2169.005493,0.978516,0.121094,-0.118164,-0.63,-0.49,-1.12,-177,78.200005,-155.900009,4.095,34.3,101186
$WAX9,36:16.1,514,2169.105499,0.982422,0.121094,-0.118164,-0.7,-0.21,-0.07,-176.699997,78.800003,-159.400009,,,
$WAX9,36:16.2,515,2169.205505,0.979492,0.121094,-0.115234,-0.49,-0.49,-0.84,-176.600006,78.300003,-155.300003,,,
$WAX9,36:16.3,516,2169.305481,0.980469,0.115234,-0.120117,-0.84,-0.14,-0.84,-176.900009,78.300003,-158.300003,,,
$WAX9,36:16.4,517,2169.405487,0.981445,0.119141,-0.119141,-0.28,-0.35,-1.4,-177.100006,78.099998,-158.900009,,,
$WAX9,36:16.5,518,2169.505493,0.982422,0.116211,-0.120117,-0.84,-0.28,-0.56,-176.5,78.5,-157.900009,,,
$WAX9,36:16.6,519,2169.605499,0.983398,0.119141,-0.120117,-0.84,0,-1.19,-176.600006,77.900002,-156.5,,,
$WAX9,36:16.7,520,2169.705505,0.980469,0.116211,-0.119141,-1.47,-0.07,0,-177,78.300003,-159.100006,,,
$WAX9,36:16.8,521,2169.805481,0.979492,0.121094,-0.119141,-0.49,0.42,-1.68,-176.699997,78.300003,-160.800003,,,
$WAX9,36:16.9,522,2169.905487,0.984375,0.118164,-0.113281,-0.35,0.21,-1.4,-176.600006,78.599998,-158,,,
$WAX9,36:17.0,523,2170.005493,0.983398,0.115234,-0.116211,-0.49,-1.19,-0.91,-176.900009,78.200005,-158.5,,,
$WAX9,36:17.1,524,2170.105499,0.980469,0.118164,-0.117188,-0.7,-0.63,-1.33,-176,78,-158.800003,,,
$WAX9,36:17.2,525,2170.205505,0.978516,0.12207,-0.121094,-1.4,0.49,-1.54,-176.600006,77.700005,-159.100006,4.083,34.3,101184
$WAX9,36:17.3,526,2170.305481,0.982422,0.121094,-0.116211,-1.26,-0.35,-1.47,-176.699997,78.099998,-159.100006,,,
$WAX9,36:17.4,527,2170.405487,0.980469,0.12207,-0.119141,-0.7,-1.26,-0.84,-177.300003,78,-160.199997,,,
$WAX9,36:17.5,528,2170.505493,0.978516,0.125,-0.123047,-1.33,-1.4,-0.98,-177.300003,78.5,-159,,,
$WAX9,36:17.6,529,2170.605499,0.983398,0.118164,-0.116211,-1.54,-0.56,-2.03,-176.900009,78.300003,-159.400009,,,
$WAX9,36:17.7,530,2170.705505,0.976563,0.12207,-0.117188,-0.84,-0.28,-0.7,-177.5,78,-159.100006,,,
$WAX9,36:17.8,531,2170.805481,0.982422,0.125,-0.118164,-0.63,-0.77,-0.7,-177.100006,78.200005,-157,,,
$WAX9,36:18.3,532,2170.905487,0.977539,0.123047,-0.118164,-1.26,-0.28,-1.05,-177,78.5,-159.100006,,,
$WAX9,36:18.3,533,2171.005493,0.980469,0.124023,-0.119141,0.28,0.14,-0.63,-176.900009,78.800003,-157.900009,,,
$WAX9,36:18.3,534,2171.105499,0.981445,0.123047,-0.117188,-0.42,-0.14,0.21,-176.900009,78.400002,-158.400009,,,
$WAX9,36:18.4,535,2171.205505,0.981445,0.125,-0.117188,-0.49,-0.35,-1.19,-177,78.400002,-157.600006,,,
$WAX9,36:18.4,536,2171.305481,0.983398,0.117188,-0.116211,-1.82,-0.28,-1.19,-176.699997,78.5,-159.699997,,,
$WAX9,36:18.5,537,2171.405487,0.979492,0.124023,-0.116211,0.42,-0.35,0.14,-176.699997,78.099998,-159.699997,4.072,34.3,101189
$WAX9,36:18.5,538,2171.505493,0.977539,0.125977,-0.117188,-0.77,-0.56,-1.61,-176.600006,78.400002,-159.300003,,,
$WAX9,36:18.6,539,2171.605499,0.979492,0.119141,-0.118164,-0.49,0.28,-0.63,-176.900009,77.900002,-158.600006,,,
$WAX9,36:18.7,540,2171.705505,0.982422,0.117188,-0.118164,-0.42,-0.14,-0.63,-177.100006,78.300003,-156.699997,,,
$WAX9,36:18.8,541,2171.805481,0.979492,0.118164,-0.114258,-0.98,0.28,-0.42,-176.600006,78.700005,-155.100006,,,
$WAX9,36:18.9,542,2171.905487,0.978516,0.120117,-0.119141,-0.14,-0.28,-0.7,-177.199997,77.900002,-159,,,
$WAX9,36:19.0,543,2172.005493,0.984375,0.12207,-0.115234,-1.05,-0.07,-0.7,-176.699997,78,-156.900009,,,
$WAX9,36:19.1,544,2172.105499,0.980469,0.117188,-0.118164,-0.28,-0.56,-1.4,-176.5,78.400002,-158.800003,,,
$WAX9,36:19.2,545,2172.205505,0.977539,0.12207,-0.118164,-0.21,-0.63,-0.42,-176.800003,78,-156.400009,,,
$WAX9,36:19.3,546,2172.305481,0.982422,0.125977,-0.117188,-0.98,0,-1.19,-176.800003,77.800003,-157.699997,,,
$WAX9,36:19.4,547,2172.405487,0.982422,0.120117,-0.117188,-0.28,-0.49,-0.77,-177.5,78.300003,-157.5,,,
$WAX9,36:19.5,548,2172.505493,0.981445,0.117188,-0.118164,-0.14,-0.42,-0.98,-177.699997,78.300003,-156.100006,,,
$WAX9,36:19.6,549,2172.605499,0.983398,0.118164,-0.115234,-0.7,-0.21,-0.49,-177.400009,78,-158.800003,4.072,34.3,101191
$WAX9,36:19.7,550,2172.705505,0.978516,0.120117,-0.115234,-1.12,-1.05,-0.42,-177.300003,78,-160.5,,,
$WAX9,36:19.8,551,2172.805481,0.981445,0.119141,-0.120117,0.14,-0.91,-0.7,-177.100006,78,-158.5,,,
$WAX9,36:19.9,552,2172.905487,0.985352,0.116211,-0.120117,-0.42,0,-0.84,-177,78.5,-160.199997,,,
$WAX9,36:20.0,553,2173.005493,0.978516,0.119141,-0.124023,-1.82,-0.63,-0.91,-177.400009,77.599998,-159.199997,,,
$WAX9,36:20.1,554,2173.105499,0.979492,0.118164,-0.120117,-1.47,-0.14,-1.4,-177.100006,78.099998,-157.699997,,,
$WAX9,36:20.3,555,2173.205505,0.981445,0.124023,-0.12207,-1.61,-0.7,-1.96,-177.600006,77.900002,-158.800003,,,
$WAX9,36:20.4,556,2173.305481,0.981445,0.117188,-0.117188,-1.05,-0.91,-0.49,-176.900009,78.400002,-158.100006,,,
$WAX9,36:20.4,557,2173.405487,0.981445,0.126953,-0.125,-1.54,-0.28,-1.12,-177.800003,78.400002,-159.400009,,,
$WAX9,36:20.5,558,2173.505493,0.980469,0.125,-0.123047,-1.4,-0.98,-1.4,-177.199997,77.900002,-157.600006,,,
$WAX9,36:20.6,559,2173.605499,0.981445,0.124023,-0.12207,-1.54,-0.35,-1.68,-176.699997,78.099998,-159,,,
$WAX9,36:20.7,560,2173.705505,0.983398,0.124023,-0.121094,-1.47,-0.56,-1.68,-177.100006,78.200005,-157,,,
$WAX9,36:20.8,561,2173.805481,0.981445,0.125,-0.120117,-1.47,-0.21,-1.26,-176.800003,77.900002,-157.699997,4.072,34.4,101189
$WAX9,36:20.9,562,2173.905487,0.977539,0.125977,-0.123047,-1.12,-0.63,-1.82,-176.300003,78.200005,-158.400009,,,
$WAX9,36:21.0,563,2174.005493,0.981445,0.128906,-0.121094,0.07,-0.28,-0.21,-177.300003,78,-156.699997,,,
$WAX9,36:21.1,564,2174.105499,0.981445,0.130859,-0.125,-0.63,-0.63,-0.63,-177.199997,78,-157,,,
$WAX9,36:21.2,565,2174.205505,0.980469,0.123047,-0.12793,-1.54,-0.21,-1.05,-177.300003,78.599998,-159,,,
$WAX9,36:21.3,566,2174.305481,0.983398,0.130859,-0.123047,-0.98,0.91,-0.84,-177.600006,79,-160,,,
$WAX9,36:21.4,567,2174.405487,0.980469,0.124023,-0.119141,-0.49,-0.98,0.63,-177,78.400002,-156.100006,,,
$WAX9,36:21.5,568,2174.505493,0.972656,0.12207,-0.124023,-0.63,-0.21,-0.35,-177.400009,78.800003,-158.900009,,,
$WAX9,36:21.7,569,2174.605499,0.982422,0.125,-0.125,-0.28,0,-0.98,-176.699997,78.700005,-159.400009,,,
$WAX9,36:21.7,570,2174.705505,0.979492,0.125,-0.120117,0.14,-0.07,0.21,-176.900009,78.200005,-158.300003,,,
$WAX9,36:21.8,571,2174.805481,0.976563,0.120117,-0.120117,-0.56,-0.63,-0.28,-176.900009,78.400002,-155.900009,,,
$WAX9,36:21.9,572,2174.905487,0.980469,0.121094,-0.120117,-0.28,-0.49,-0.14,-176.699997,78.400002,-157.400009,,,
$WAX9,36:22.0,573,2175.005493,0.980469,0.121094,-0.125,-0.77,-0.14,-0.56,-177.400009,78.300003,-157.100006,4.072,34.3,101187
$WAX9,36:22.1,574,2175.105499,0.985352,0.118164,-0.12207,0.56,0.07,-0.77,-177.199997,78.200005,-157.900009,,,
$WAX9,36:22.2,575,2175.205505,0.979492,0.120117,-0.125,-0.42,0.14,-0.84,-177.5,78.300003,-158,,,
$WAX9,36:22.3,576,2175.305481,0.981445,0.120117,-0.123047,-0.7,-0.07,-0.28,-177.300003,78.300003,-155.100006,,,
$WAX9,36:22.4,577,2175.405487,0.982422,0.117188,-0.118164,-0.28,-0.35,-0.21,-177.199997,78.300003,-158.900009,,,
$WAX9,36:22.5,578,2175.505493,0.979492,0.118164,-0.125977,-0.63,-0.49,-1.47,-176.800003,78.5,-158.699997,,,
$WAX9,36:22.6,579,2175.605499,0.977539,0.120117,-0.12207,-0.91,-0.42,-1.4,-176.400009,78.300003,-157.800003,,,
$WAX9,36:22.7,580,2175.705505,0.978516,0.121094,-0.121094,-0.49,-0.7,-0.91,-176.400009,78.300003,-159.400009,,,
$WAX9,36:22.8,581,2175.805481,0.981445,0.123047,-0.117188,-0.42,-0.14,0.21,-176.900009,78.400002,-158.400009,,,
$WAX9,36:22.9,582,2175.905487,0.981445,0.125,-0.117188,-0.49,-0.35,-1.19,-177,78.400002,-157.600006,,,
$WAX9,36:23.0,583,2176.005493,0.983398,0.117188,-0.116211,-1.82,-0.28,-1.19,-176.699997,78.5,-159.699997,,,
$WAX9,36:23.1,584,2176.105499,0.979492,0.124023,-0.116211,0.42,-0.35,0.14,-176.699997,78.099998,-159.699997,,,
$WAX9,36:23.3,585,2176.205505,0.977539,0.125977,-0.117188,-0.77,-0.56,-1.61,-176.600006,78.400002,-159.300003,4.06,34.4,101186
$WAX9,36:23.3,586,2176.305481,0.979492,0.119141,-0.118164,-0.49,0.28,-0.63,-176.900009,77.900002,-158.600006,,,
$WAX9,36:23.5,587,2176.405487,0.982422,0.117188,-0.118164,-0.42,-0.14,-0.63,-177.100006,78.300003,-156.699997,,,
$WAX9,36:23.6,588,2176.505493,0.979492,0.118164,-0.114258,-0.98,0.28,-0.42,-176.600006,78.700005,-155.100006,,,
$WAX9,36:23.6,589,2176.605499,0.978516,0.120117,-0.119141,-0.14,-0.28,-0.7,-177.199997,77.900002,-159,,,
$WAX9,36:23.7,590,2176.705505,0.984375,0.12207,-0.115234,-1.05,-0.07,-0.7,-176.699997,78,-156.900009,,,
$WAX9,36:23.8,591,2176.805481,0.980469,0.117188,-0.118164,-0.28,-0.56,-1.4,-176.5,78.400002,-158.800003,,,
$WAX9,36:23.9,592,2176.905487,0.977539,0.12207,-0.118164,-0.21,-0.63,-0.42,-176.800003,78,-156.400009,,,
$WAX9,36:24.1,593,2177.005493,0.982422,0.125977,-0.117188,-0.98,0,-1.19,-176.800003,77.800003,-157.699997,,,
$WAX9,36:24.1,594,2177.105499,0.982422,0.120117,-0.117188,-0.28,-0.49,-0.77,-177.5,78.300003,-157.5,,,
$WAX9,36:24.2,595,2177.205505,0.981445,0.117188,-0.118164,-0.14,-0.42,-0.98,-177.699997,78.300003,-156.100006,,,
$WAX9,36:24.3,596,2177.305481,0.983398,0.118164,-0.115234,-0.7,-0.21,-0.49,-177.400009,78,-158.800003,,,
$WAX9,36:24.4,597,2177.405487,0.978516,0.120117,-0.115234,-1.12,-1.05,-0.42,-177.300003,78,-160.5,4.06,34.4,101185
$WAX9,36:24.5,598,2177.505493,0.981445,0.119141,-0.120117,0.14,-0.91,-0.7,-177.100006,78,-158.5,,,
$WAX9,36:24.6,599,2177.605499,0.985352,0.116211,-0.120117,-0.42,0,-0.84,-177,78.5,-160.199997,,,
$WAX9,36:24.7,600,2177.705505,0.978516,0.119141,-0.124023,-1.82,-0.63,-0.91,-177.400009,77.599998,-159.199997,,,
$WAX9,36:24.8,601,2177.805481,0.979492,0.118164,-0.120117,-1.47,-0.14,-1.4,-177.100006,78.099998,-157.699997,,,
$WAX9,36:24.9,602,2177.905487,0.981445,0.124023,-0.12207,-1.61,-0.7,-1.96,-177.600006,77.900002,-158.800003,,,
$WAX9,36:25.0,603,2178.005493,0.981445,0.117188,-0.117188,-1.05,-0.91,-0.49,-176.900009,78.400002,-158.100006,,,
$WAX9,36:25.1,604,2178.105499,0.981445,0.126953,-0.125,-1.54,-0.28,-1.12,-177.800003,78.400002,-159.400009,,,
$WAX9,36:25.2,605,2178.205505,0.980469,0.125,-0.123047,-1.4,-0.98,-1.4,-177.199997,77.900002,-157.600006,,,
$WAX9,36:25.3,606,2178.305481,0.981445,0.124023,-0.12207,-1.54,-0.35,-1.68,-176.699997,78.099998,-159,,,
$WAX9,36:25.4,607,2178.405487,0.983398,0.124023,-0.121094,-1.47,-0.56,-1.68,-177.100006,78.200005,-157,,,
$WAX9,36:25.5,608,2178.505493,0.981445,0.125,-0.120117,-1.47,-0.21,-1.26,-176.800003,77.900002,-157.699997,,,
$WAX9,36:25.6,609,2178.605499,0.977539,0.125977,-0.123047,-1.12,-0.63,-1.82,-176.300003,78.200005,-158.400009,4.06,34.4,101185
$WAX9,36:25.7,610,2178.705505,0.981445,0.128906,-0.121094,0.07,-0.28,-0.21,-177.300003,78,-156.699997,,,
$WAX9,36:25.8,611,2178.805481,0.981445,0.130859,-0.125,-0.63,-0.63,-0.63,-177.199997,78,-157,,,
$WAX9,36:25.9,612,2178.905487,0.980469,0.123047,-0.12793,-1.54,-0.21,-1.05,-177.300003,78.599998,-159,,,
$WAX9,36:26.0,613,2179.005493,0.983398,0.130859,-0.123047,-0.98,0.91,-0.84,-177.600006,79,-160,,,
$WAX9,36:26.1,614,2179.105499,0.980469,0.124023,-0.119141,-0.49,-0.98,0.63,-177,78.400002,-156.100006,,,
$WAX9,36:26.2,615,2179.205505,0.972656,0.12207,-0.124023,-0.63,-0.21,-0.35,-177.400009,78.800003,-158.900009,,,
$WAX9,36:26.3,616,2179.305481,0.982422,0.125,-0.125,-0.28,0,-0.98,-176.699997,78.700005,-159.400009,,,
$WAX9,36:26.4,617,2179.405487,0.979492,0.125,-0.120117,0.14,-0.07,0.21,-176.900009,78.200005,-158.300003,,,
$WAX9,36:26.5,618,2179.505493,0.976563,0.120117,-0.120117,-0.56,-0.63,-0.28,-176.900009,78.400002,-155.900009,,,
$WAX9,36:26.6,619,2179.605499,0.980469,0.121094,-0.120117,-0.28,-0.49,-0.14,-176.699997,78.400002,-157.400009,,,
$WAX9,36:26.7,620,2179.705505,0.980469,0.121094,-0.125,-0.77,-0.14,-0.56,-177.400009,78.300003,-157.100006,,,
$WAX9,36:26.8,621,2179.805481,0.985352,0.118164,-0.12207,0.56,0.07,-0.77,-177.199997,78.200005,-157.900009,4.048,34.4,101189
$WAX9,36:26.9,622,2179.905487,0.979492,0.120117,-0.125,-0.42,0.14,-0.84,-177.5,78.300003,-158,,,
$WAX9,36:27.0,623,2180.005493,0.981445,0.120117,-0.123047,-0.7,-0.07,-0.28,-177.300003,78.300003,-155.100006,,,
$WAX9,36:27.1,624,2180.105499,0.982422,0.117188,-0.118164,-0.28,-0.35,-0.21,-177.199997,78.300003,-158.900009,,,
$WAX9,36:27.2,625,2180.205505,0.979492,0.118164,-0.125977,-0.63,-0.49,-1.47,-176.800003,78.5,-158.699997,,,
$WAX9,36:27.3,626,2180.305481,0.977539,0.120117,-0.12207,-0.91,-0.42,-1.4,-176.400009,78.300003,-157.800003,,,
$WAX9,36:27.4,627,2180.405487,0.978516,0.121094,-0.121094,-0.49,-0.7,-0.91,-176.400009,78.300003,-159.400009,,,
